Student_ID,Enrollment_Date,Student_Name_English,Student_Name_Chinese,Grade,Gender,Current_School,School_Tuition_Range_Low_RMB,School_Tuition_Range_High_RMB,School_Annual_Tuition_RMB,School_Curriculum_Type,School_Country_System,Exam_Type,Target_Country,Test_Type,Test_Score_Current,Test_Score_Target,Target_Subject,Destination_University,Intended_Major,Training_Program,Training_Sessions_Total,Training_Duration_Hours,Price_Per_Session_RMB,Total_Training_Cost_RMB,Completed_Sessions,Completion_Rate_Percent,Remaining_Sessions,Payment_Method,Payment_Status,Amount_Paid_RMB,Amount_Outstanding_RMB,Attendance_Day_1,Attendance_Day_2,Attendance_Day_3,Attendance_Day_4,Attendance_Day_5,Attendance_Day_6,Attendance_Day_7,Attendance_Day_8,Attendance_Day_9,Attendance_Day_10,Attendance_Day_11,Attendance_Day_12,Attendance_Day_13,Attendance_Day_14,Attendance_Day_15,Attendance_Day_16,Attendance_Day_17,Attendance_Day_18,Attendance_Day_19,Attendance_Day_20,Attendance_Day_21,Attendance_Rate_Percent,Teacher_Rating,Student_Satisfaction_Score
STU0001,2023/07/24,Richard,林娜,G9,Male,Shenzhen American International School (SAIS),158000,278000,233786,American/AP/IB,American/AP/IB/IB,HKDSE,Canada,TOEFL,71.0,111.0,"Geography, History, Economics, Biology, Chemistry",UBC,Law,French,19,17,580,11020,15,78.95,4,Credit Card,Overdue,0.0,11020.0,1,1,1,1,1,0,0,1,0,0,0,1,1,1,1,0,0,0,0,1,0,52.38,4.7,94.2
STU0002,2024/01/15,Wuling,李娜,University Year 2,Male,Jinhua No.1 Middle School,10000,25000,19168,AP/SAT,America,AP/SAT,England,PTE,73.0,90.0,"History, Physics, Economics, English, Geography",Oxford,Business,IELTS,19,15,470,8930,5,26.32,14,WeChat Pay,Pending,0.0,8930.0,1,1,0,1,0,1,1,1,1,1,1,0,0,1,1,1,1,0,1,1,0,71.43,4.0,86.1
STU0003,2022/10/24,Kevin,刘洁,G11,Male,Yinchuan No.9 High School,15000,30000,23568,Chinese,Chinese,AP/SAT,Singapore,ACT,66.0,95.0,"Economics, English, Chemistry, Math, Further Maths",Stanford,Business,Spanish,28,21,580,16240,23,82.14,5,Credit Card,Partial Payment,9166.65,7073.35,1,1,1,1,1,1,0,1,0,0,0,1,0,0,1,0,0,0,0,0,0,42.86,3.6,65.7
STU0004,2022/07/15,John,陈丽,G8,Male,Bromsgrove School Mission Hills,80271,80271,80271,IGCSE/A-Level,British,AP/SAT,Hongkong,GRE,72.0,99.0,"Biology, History, Geography, Economics, English",Oxford,Engineering,Korean,10,17,550,5500,9,90.0,1,Cash,Pending,0.0,5500.0,0,1,1,1,0,0,1,0,0,1,1,1,0,1,1,0,1,1,1,1,1,66.67,3.9,68.1
STU0005,2023/03/11,Rachel,方玛丽,University Year 1,Female,Pui Ching Middle School,80000,120000,118018,HKDSE,Hongkong,AP/SAT,Australia,ACT,82.0,89.0,"Economics, Chemistry, Geography, Physics",Yinchuan Ningxia,Economics,Grammar,15,23,500,7500,12,80.0,3,Cash,Pending,0.0,7500.0,0,1,1,1,1,0,0,1,0,1,1,0,0,0,1,0,0,0,1,1,0,47.62,4.7,69.2
STU0006,2023/10/27,Emily,吴丽,University Year 2,Female,Shenzhen International Foundation College (SIFC),268000,268000,268000,IGCSE/A-Level,British/American,AP/SAT,Hongkong,ACT,74.0,90.0,"Physics, Geography, Chemistry, Math, History",Yinchuan Ningxia,Sciences,Public Speaking,23,15,550,12650,23,100.0,0,Bank Transfer,Pending,0.0,12650.0,1,0,0,1,1,1,0,0,0,0,0,0,1,1,0,0,0,0,0,1,0,33.33,4.5,63.4
STU0007,2023/09/10,Caroline,周伟,G8,Male,QSI International School of Shenzhen,138300,226800,198588,American,American/AP/IB,IGCSE/A-Level,Singapore,GRE,68.0,97.0,"English, Biology, Geography",Toronto,Economics,Korean,30,16,500,15000,12,40.0,18,Credit Card,Pending,0.0,15000.0,1,0,1,0,1,0,1,1,0,0,1,0,1,1,1,1,1,0,1,0,0,57.14,3.9,61.3
STU0008,2023/09/30,Zachary,郭勇,G11,Male,Jinhua No.1 Middle School,10000,25000,13561,AP/SAT,America,HKDSE,America,PTE,68.0,75.0,"Economics, Math, English, Chemistry, History",UBC,Law,French,11,24,500,5500,5,45.45,6,Credit Card,Pending,0.0,5500.0,1,0,1,0,0,0,1,1,1,1,0,0,1,0,0,1,1,1,1,0,0,52.38,4.9,85.0
STU0009,2024/03/22,Karen,林娜,G9,Female,Shenzhen International Foundation College (SIFC),268000,268000,268000,IGCSE/A-Level,British/American,IB,England,ACT,62.0,97.0,"Biology, Chemistry, Physics, English, Math",Imperial College,Medicine,Spanish,23,15,620,14260,18,78.26,5,Credit Card,Paid,14260.0,0.0,0,1,0,0,1,1,1,0,1,1,0,1,0,1,0,1,1,1,0,1,0,57.14,4.6,70.8
STU0010,2024/09/27,Steven,王强,G8,Female,Bromsgrove School Mission Hills,80271,80271,80271,IGCSE/A-Level,British,AP/SAT,Singapore,GRE,73.0,80.0,"English, Chemistry, Physics, Math, Further Maths",Toronto,Economics,Public Speaking,10,16,550,5500,7,70.0,3,Alipay,Paid,5500.0,0.0,0,0,0,1,1,1,1,1,1,0,0,0,0,1,1,1,1,1,1,0,1,61.9,4.4,72.4
STU0011,2022/08/08,Zhaoyang,朱敏,G12,Female,Yinchuan No.9 High School,15000,30000,22000,Chinese,Chinese,IB,Hongkong,PTE,81.0,97.0,"Physics, Geography, Math, Chemistry",UCL,Arts,Public Speaking,15,24,470,7050,8,53.33,7,Cash,Partial Payment,3020.78,4029.22,0,0,0,0,1,1,1,1,1,0,0,0,0,1,1,1,0,1,0,1,1,52.38,4.1,78.6
STU0012,2024/05/06,Murphy,胡静,G12,Male,Merchiston International School Shenzhen,200000,370000,261813,British National Curriculum/IGCSE/A-levels,British,AP/SAT,Australia,PTE,62.0,88.0,"Biology, Geography, Physics, History, English",Oxford,Computer Science,Public Speaking,30,19,600,18000,7,23.33,23,Cash,Overdue,0.0,18000.0,1,1,0,0,0,1,1,1,1,1,0,0,0,1,1,1,1,0,1,0,0,57.14,4.2,92.0
STU0013,2024/03/31,Angela,周伟,G12,Male,Jinhua No.1 Middle School,10000,25000,14541,AP/SAT,America,AP/SAT,Australia,SAT,1208.0,1308.0,"Geography, Physics, Chemistry, English",MIT,Economics,Korean,21,24,620,13020,17,80.95,4,Credit Card,Overdue,0.0,13020.0,1,0,0,0,1,0,0,0,1,0,0,1,1,1,1,0,1,0,0,0,0,38.1,3.6,86.8
STU0014,2024/11/25,Vincent,孙丽丽,G12,Female,Pui Ching Middle School,80000,120000,108978,HKDSE,Hongkong,IGCSE/A-Level,Singapore,TOEFL,74.0,107.0,"Physics, English, Geography, History",Shenzhen Guangdong,Business,Public Speaking,10,17,470,4700,6,60.0,4,Alipay,Pending,0.0,4700.0,1,1,0,0,0,0,1,1,1,0,0,0,0,0,1,1,0,0,1,1,0,42.86,3.9,78.5
STU0015,2022/05/03,Michael,何涛,University Year 2,Female,Ningxia University,20000,50000,49191,Chinese,Chinese,American CCSS,Canada,GMAT,61.0,66.0,"Math, English, Chemistry",Jinhua Zhejiang,Engineering,French,29,18,620,17980,23,79.31,6,Cash,Paid,17980.0,0.0,1,0,1,0,0,0,0,0,0,1,1,1,1,1,0,0,0,0,0,1,1,42.86,4.9,75.1
STU0016,2022/09/21,Thomas,何涛,G11,Female,The King's School Shenzhen International,205000,309800,252602,IGCSE/A-Level,British/Chinese,AP/SAT,Canada,IELTS,6.9,9.0,"Geography, Economics, English, Math",Melbourne,Law,Korean,22,21,620,13640,16,72.73,6,Credit Card,Partial Payment,6615.71,7024.29,1,0,0,0,0,1,1,0,0,0,1,0,0,1,0,0,1,0,1,0,0,33.33,4.6,76.2
STU0017,2023/05/05,Frank,方鸣翔,G9,Female,Yinchuan No.9 High School,15000,30000,27853,Chinese,Chinese,HKDSE,Singapore,TOEFL,100.0,110.0,"History, Math, Further Maths, Biology",Harvard,Economics,Public Speaking,29,16,600,17400,7,24.14,22,Bank Transfer,Pending,0.0,17400.0,1,0,1,1,0,0,1,1,1,1,0,0,1,0,0,1,1,1,0,1,1,61.9,4.1,91.5
STU0018,2022/03/08,Joseph,周强,G10,Female,Pui Ching Middle School,80000,120000,115530,HKDSE,Hongkong,AP/SAT,Hongkong,PTE,75.0,80.0,"Biology, History, Math",Jinhua Zhejiang,Engineering,Korean,25,24,500,12500,0,0.0,25,Credit Card,Overdue,0.0,12500.0,1,1,0,1,0,1,1,0,1,1,1,1,0,0,1,1,1,1,1,0,1,71.43,3.9,60.3
STU0019,2022/02/11,Sarah,李丽,G12,Female,Yinchuan No.2 Middle School,15000,30000,26042,Chinese/America,Chinese,IGCSE/A-Level,Australia,Duolingo,79.0,96.0,"Math, Further Maths, Biology, Economics",Yinchuan Ningxia,Engineering,Korean,13,15,500,6500,13,100.0,0,Credit Card,Pending,0.0,6500.0,0,0,0,0,1,1,0,0,1,0,1,1,1,1,0,1,1,1,1,1,1,61.9,4.2,94.0
STU0020,2023/01/11,David,陈丽,G10,Female,Shenzhen International Foundation College (SIFC),268000,268000,268000,IGCSE/A-Level,British/American,IGCSE/A-Level,Canada,PTE,82.0,97.0,"Chemistry, Economics, Physics, History, Math",UCLA,Law,Grammar,28,23,620,17360,13,46.43,15,Bank Transfer,Partial Payment,13221.03,4138.969999999999,0,0,0,0,0,0,1,1,0,0,1,0,1,1,0,1,1,1,0,0,1,42.86,3.8,97.3
STU0021,2022/06/01,Arwen,刘静,G12,Female,Shenzhen International Foundation College (SIFC),268000,268000,268000,IGCSE/A-Level,British/American,AP/SAT,Singapore,GRE,65.0,84.0,"Math, Geography, Biology, Chemistry",Jinhua Zhejiang,Engineering,SAT,27,17,470,12690,8,29.63,19,Bank Transfer,Partial Payment,8152.98,4537.02,0,0,1,0,0,1,1,1,1,0,0,0,1,0,1,0,1,1,1,0,1,52.38,3.7,76.4
STU0022,2023/06/22,Emily,黄静,G8,Male,Jinhua No.1 Middle School,10000,25000,17302,AP/SAT,America,IGCSE/A-Level,Australia,IELTS,5.5,7.9,"Economics, Geography, History",Stanford,Medicine,Korean,12,22,550,6600,7,58.33,5,WeChat Pay,Partial Payment,4798.12,1801.88,1,1,1,0,1,1,0,1,1,0,0,0,1,0,1,1,1,0,0,1,0,57.14,4.1,91.9
STU0023,2024/06/29,Mason,钱婷婷,G10,Male,QSI International School of Shenzhen,138300,226800,218878,American,American/AP/IB,AP/SAT,Singapore,TOEFL,81.0,102.0,"History, Physics, Chemistry",UCL,Law,IELTS,18,21,580,10440,4,22.22,14,Alipay,Pending,0.0,10440.0,1,0,1,1,1,1,0,0,1,1,0,0,0,0,1,1,1,1,1,1,0,61.9,3.5,82.9
STU0024,2024/06/09,Rachel,李娜,G9,Male,Shenzhen College of International Education,271000,271000,271000,IGCSE/A-Level,British/A-Level/Cambridge,IB,Australia,TOEFL,86.0,111.0,"Math, Economics, Chemistry, History, Geography",Shenzhen Guangdong,Medicine,SAT,19,22,580,11020,7,36.84,12,WeChat Pay,Paid,11020.0,0.0,0,0,0,0,0,1,0,1,1,0,1,1,1,1,1,1,0,1,0,0,0,47.62,4.2,79.9
STU0025,2023/04/08,Emily,郑瑞,G8,Male,Jinhua No.1 Middle School,10000,25000,12877,AP/SAT,America,HKDSE,Australia,SAT,1375.0,1589.0,"Economics, English, History",Oxford,Arts,Grammar,11,20,620,6820,0,0.0,11,Cash,Partial Payment,4263.66,2556.34,0,1,1,0,1,0,0,1,1,0,1,0,0,0,0,0,1,0,1,0,1,42.86,3.7,69.6
STU0026,2022/05/14,Tim,方玛丽,G11,Female,International School of Nanshan Shenzhen (ISNS),212000,264000,238848,IB/Canadian,IB/Canadian,IGCSE/A-Level,America,Duolingo,83.0,95.0,"Physics, History, Chemistry, English, Biology",Cambridge,Sciences,TOEFL,23,17,620,14260,6,26.09,17,Cash,Partial Payment,10987.92,3272.08,0,0,1,1,0,0,1,1,1,1,0,1,0,1,0,1,1,1,0,0,1,57.14,3.9,68.8
STU0027,2022/09/05,Sophia,李娜,G11,Male,Yinchuan No.9 High School,15000,30000,21614,Chinese,Chinese,IGCSE/A-Level,England,PTE,65.0,76.0,"Math, Biology, Economics, Further Maths, Physics",Yinchuan Ningxia,Sciences,SAT,13,16,470,6110,10,76.92,3,Cash,Partial Payment,4094.35,2015.65,0,1,1,1,1,0,1,1,1,0,1,1,0,0,1,0,1,0,0,0,0,52.38,4.6,75.6
STU0028,2024/11/16,Alex,何涛,G8,Female,Yinchuan No.2 Middle School,15000,30000,22167,Chinese/America,Chinese,AP/SAT,Singapore,Duolingo,69.0,94.0,"Economics, History, English, Chemistry",UCLA,Engineering,Grammar,17,16,470,7990,17,100.0,0,Cash,Pending,0.0,7990.0,1,1,0,0,1,0,1,0,1,0,0,0,1,0,1,0,1,1,1,1,0,52.38,3.7,68.6
STU0029,2024/01/23,Tristan,郑瑞,G10,Female,International School of Nanshan Shenzhen (ISNS),212000,264000,215452,IB/Canadian,IB/Canadian,IB,Hongkong,ACT,70.0,81.0,"Math, Economics, Chemistry",MIT,Computer Science,Japanese,28,19,620,17360,13,46.43,15,Bank Transfer,Pending,0.0,17360.0,0,1,0,1,1,1,1,0,1,1,1,0,0,1,0,1,0,0,0,0,0,47.62,4.1,67.5
STU0030,2023/10/06,Julia,陈强,University Year 2,Male,Pui Ching Middle School,80000,120000,100588,HKDSE,Hongkong,IB,Canada,TOEFL,84.0,102.0,"Economics, Biology, Chemistry, English",Jinhua Zhejiang,Computer Science,Spanish,23,16,620,14260,11,47.83,12,Bank Transfer,Pending,0.0,14260.0,0,0,0,0,1,1,1,0,0,1,1,0,1,1,1,0,1,0,1,0,0,47.62,3.6,69.4
STU0031,2022/05/16,Robert,陈丽,G9,Male,Pui Ching Middle School,80000,120000,86346,HKDSE,Hongkong,IGCSE/A-Level,Canada,Duolingo,80.0,100.0,"Math, Geography, Physics",Harvard,Medicine,Japanese,19,21,500,9500,9,47.37,10,Alipay,Partial Payment,4057.72,5442.280000000001,1,1,0,0,1,1,0,0,0,0,1,0,1,1,0,0,1,1,1,1,0,52.38,4.3,86.1
STU0032,2024/04/20,Victor,刘洁,University Year 1,Female,Harrow International School Shenzhen,291400,360900,347097,IGCSE/A-levels,British/IGCSE/A-levels,IGCSE/A-Level,England,IELTS,6.9,8.9,"Biology, Chemistry, Math",Shenzhen Guangdong,Law,IELTS,14,18,600,8400,10,71.43,4,WeChat Pay,Paid,8400.0,0.0,0,0,0,1,0,0,1,0,1,1,0,1,0,0,0,1,0,0,1,1,1,42.86,4.4,68.3
STU0033,2022/07/02,Cecilia,何涛,G11,Female,Harrow International School Shenzhen,291400,360900,358661,IGCSE/A-levels,British/IGCSE/A-levels,IB,England,PTE,63.0,68.0,"Biology, Geography, Further Maths, Physics, Chemistry",Beijing,Business,Japanese,26,19,500,13000,2,7.69,24,Credit Card,Pending,0.0,13000.0,1,0,1,0,0,0,1,0,1,1,0,0,1,0,1,1,0,1,1,0,1,52.38,3.9,84.8
STU0034,2023/11/08,Jennifer,王磊,G8,Female,Recognize International Academy (RIA),141000,141000,141000,IGCSE/A-Level,British,HKDSE,England,ACT,85.0,91.0,"Economics, English, Further Maths, Biology",Imperial College,Medicine,SAT,20,17,580,11600,19,95.0,1,Bank Transfer,Overdue,0.0,11600.0,0,0,1,1,1,1,1,1,1,0,1,0,0,0,0,1,1,1,0,1,0,57.14,4.2,84.9
STU0035,2024/01/03,Angelina,杨强,G12,Female,Shenzhen American International School (SAIS),158000,278000,249577,American/AP/IB,American/AP/IB/IB,IGCSE/A-Level,England,ACT,64.0,98.0,"Physics, Chemistry, Economics",Yinchuan Ningxia,Arts,Grammar,13,25,500,6500,5,38.46,8,Bank Transfer,Partial Payment,2570.43,3929.57,1,1,1,1,0,0,1,0,1,0,0,1,0,0,0,0,0,0,1,0,1,42.86,3.8,70.7
STU0036,2024/09/18,Murphy,何涛,G10,Female,Harrow International School Shenzhen,291400,360900,347497,IGCSE/A-levels,British/IGCSE/A-levels,AP/SAT,Singapore,ACT,67.0,88.0,"Math, Chemistry, Geography, Biology, Economics",Shenzhen Guangdong,Computer Science,SAT,14,21,500,7000,10,71.43,4,Bank Transfer,Partial Payment,5035.69,1964.3100000000004,0,1,1,0,0,1,1,1,0,1,0,1,1,1,0,1,0,0,0,0,0,47.62,4.6,99.9
STU0037,2023/06/30,Albert,朱敏,G9,Male,Recognize International Academy (RIA),141000,141000,141000,IGCSE/A-Level,British,IGCSE/A-Level,England,ACT,70.0,98.0,"Chemistry, Further Maths, Economics, Math",Shenzhen Guangdong,Medicine,Korean,25,19,500,12500,21,84.0,4,Alipay,Partial Payment,5388.72,7111.28,0,0,1,0,0,1,0,0,1,0,0,1,0,0,0,0,1,0,1,0,1,33.33,4.9,90.3
STU0038,2022/02/06,Mark,郭勇,G8,Female,Yinchuan No.9 High School,15000,30000,28196,Chinese,Chinese,IGCSE/A-Level,Singapore,Duolingo,66.0,98.0,"Chemistry, Economics, English, Math",Beijing,Computer Science,SAT,11,17,580,6380,9,81.82,2,Alipay,Pending,0.0,6380.0,0,1,0,1,1,1,1,1,0,1,1,1,1,0,0,0,0,0,0,1,0,52.38,4.9,75.9
STU0039,2023/08/03,Oscar,马强,G12,Female,Jinhua No.1 Middle School,10000,25000,12583,AP/SAT,America,AP/SAT,Hongkong,SAT,1265.0,1433.0,"Biology, Physics, Further Maths, English",UCLA,Sciences,Public Speaking,19,21,600,11400,15,78.95,4,Cash,Paid,11400.0,0.0,1,1,1,1,0,0,0,1,0,0,0,0,0,0,0,0,1,1,0,1,1,42.86,4.2,69.1
STU0040,2022/11/21,Charlie,刘伟,G9,Male,Harrow International School Shenzhen,291400,360900,300261,IGCSE/A-levels,British/IGCSE/A-levels,AP/SAT,Canada,ACT,82.0,88.0,"English, Further Maths, Physics",Harvard,Economics,Japanese,12,19,580,6960,9,75.0,3,Credit Card,Paid,6960.0,0.0,1,0,0,1,1,1,1,1,1,1,0,0,1,0,1,0,1,1,0,1,0,61.9,3.5,93.7
STU0041,2023/12/11,Lisa,方玛丽,G11,Female,Shenzhen International Foundation College (SIFC),268000,268000,268000,IGCSE/A-Level,British/American,American CCSS,England,GMAT,72.0,88.0,"Further Maths, Chemistry, History, Math, English",Toronto,Sciences,TOEFL,19,22,550,10450,17,89.47,2,Credit Card,Pending,0.0,10450.0,0,1,1,0,0,0,0,1,0,1,1,0,1,1,1,1,1,0,0,1,0,52.38,4.0,98.7
STU0042,2022/08/04,Ryan,周杰,University Year 1,Male,Ningxia University,20000,50000,30636,Chinese,Chinese,AP/SAT,Hongkong,PTE,69.0,74.0,"English, Math, Chemistry",MIT,Medicine,Korean,22,23,470,10340,16,72.73,6,Alipay,Partial Payment,6485.92,3854.08,0,1,1,0,1,0,0,1,1,1,1,0,0,0,1,1,0,1,0,1,0,52.38,3.7,62.9
STU0043,2022/02/24,Mason,姚丽,University Year 2,Female,Shenzhen American International School (SAIS),158000,278000,246668,American/AP/IB,American/AP/IB/IB,AP/SAT,Hongkong,GMAT,60.0,97.0,"Biology, Further Maths, Chemistry, Geography, English",Yinchuan Ningxia,Sciences,Public Speaking,28,24,600,16800,7,25.0,21,Cash,Partial Payment,13273.48,3526.5200000000004,0,1,0,1,0,0,0,1,0,1,1,0,1,0,0,0,1,1,1,0,1,47.62,4.4,76.8
STU0044,2024/10/02,Thomas,郑伟,University Year 2,Male,Shenzhen College of International Education,271000,271000,271000,IGCSE/A-Level,British/A-Level/Cambridge,IGCSE/A-Level,America,PTE,62.0,68.0,"Biology, Economics, Math, Physics, Chemistry",UCLA,Economics,SAT,16,20,600,9600,11,68.75,5,Credit Card,Overdue,0.0,9600.0,0,1,1,1,1,1,1,0,1,0,0,1,1,0,0,0,1,0,0,1,1,57.14,4.2,88.3
STU0045,2022/02/02,Leo,王磊,University Year 2,Female,Merchiston International School Shenzhen,200000,370000,230308,British National Curriculum/IGCSE/A-levels,British,HKDSE,Singapore,Duolingo,76.0,100.0,"History, Further Maths, English, Chemistry",Beijing,Computer Science,Public Speaking,19,25,580,11020,3,15.79,16,Cash,Overdue,0.0,11020.0,0,0,0,0,0,0,1,0,0,1,1,1,0,1,0,1,0,0,1,0,0,33.33,4.8,92.2
STU0046,2023/03/08,Anne,吴丽,G10,Female,International School of Nanshan Shenzhen (ISNS),212000,264000,259301,IB/Canadian,IB/Canadian,IGCSE/A-Level,Australia,SAT,1377.0,1513.0,"Further Maths, Economics, English, Physics",Stanford,Arts,Spanish,19,18,500,9500,18,94.74,1,Alipay,Partial Payment,7231.73,2268.2700000000004,0,1,0,0,1,0,1,0,1,1,0,1,0,1,1,1,0,1,1,0,1,57.14,3.7,69.7
STU0047,2022/09/28,Tony,郑伟,G10,Male,Recognize International Academy (RIA),141000,141000,141000,IGCSE/A-Level,British,IB,America,ACT,74.0,83.0,"History, Physics, Math",Jinhua Zhejiang,Engineering,Korean,15,15,600,9000,4,26.67,11,WeChat Pay,Paid,9000.0,0.0,0,0,0,0,1,1,1,0,0,1,1,1,1,1,0,0,0,1,0,0,0,42.86,5.0,70.9
STU0048,2022/06/03,Ryan,高文,University Year 1,Male,International School of Nanshan Shenzhen (ISNS),212000,264000,228930,IB/Canadian,IB/Canadian,AP/SAT,Canada,ACT,70.0,94.0,"Biology, Economics, Geography, Further Maths, Chemistry",Toronto,Economics,IELTS,22,15,620,13640,5,22.73,17,Bank Transfer,Pending,0.0,13640.0,1,0,0,0,0,1,1,0,0,1,1,1,1,1,1,0,1,0,1,1,1,61.9,3.5,66.6
STU0049,2023/06/24,Caroline,孙丽丽,G8,Male,Recognize International Academy (RIA),141000,141000,141000,IGCSE/A-Level,British,IGCSE/A-Level,Singapore,PTE,71.0,96.0,"Geography, Math, Further Maths, Economics, English",Yinchuan Ningxia,Computer Science,Korean,16,20,620,9920,15,93.75,1,WeChat Pay,Pending,0.0,9920.0,1,1,0,1,0,1,1,1,1,1,1,0,0,0,0,1,0,1,1,1,1,66.67,4.7,87.0
STU0050,2022/10/10,Emma,孙浩,University Year 1,Female,Shenzhen College of International Education,271000,271000,271000,IGCSE/A-Level,British/A-Level/Cambridge,HKDSE,Singapore,Duolingo,78.0,97.0,"Geography, Economics, Physics, Further Maths, Biology",UBC,Medicine,Grammar,29,20,470,13630,22,75.86,7,Bank Transfer,Overdue,0.0,13630.0,0,0,1,0,1,1,0,1,1,1,1,1,1,0,1,1,1,0,0,0,1,61.9,4.5,68.6
STU0051,2024/10/09,Angelina,何涛,G12,Male,Harrow International School Shenzhen,291400,360900,339783,IGCSE/A-levels,British/IGCSE/A-levels,AP/SAT,America,SAT,1123.0,1570.0,"Chemistry, Physics, English, Further Maths",Beijing,Medicine,Grammar,10,24,500,5000,4,40.0,6,Bank Transfer,Paid,5000.0,0.0,1,0,1,0,1,1,1,1,1,0,0,1,0,0,0,0,0,0,0,0,1,42.86,4.7,86.0
STU0052,2024/11/01,Simon,郭勇,G11,Male,The King's School Shenzhen International,205000,309800,271006,IGCSE/A-Level,British/Chinese,American CCSS,America,Duolingo,82.0,91.0,"Economics, Chemistry, Further Maths, Math, English",Stanford,Computer Science,TOEFL,21,16,580,12180,9,42.86,12,Bank Transfer,Overdue,0.0,12180.0,0,1,0,0,1,1,1,0,1,0,0,0,0,0,0,0,1,0,1,1,0,38.1,3.7,64.5
STU0053,2023/07/06,Sophia,张伟,G8,Female,Bromsgrove School Mission Hills,80271,80271,80271,IGCSE/A-Level,British,IB,Hongkong,GRE,71.0,97.0,"English, Geography, Math",Jinhua Zhejiang,Sciences,IELTS,30,25,550,16500,28,93.33,2,Bank Transfer,Overdue,0.0,16500.0,0,0,1,1,0,1,0,1,0,0,0,1,0,0,1,0,0,1,1,1,1,47.62,4.6,69.7
STU0054,2024/10/16,Yanhui,胡静,G9,Male,Recognize International Academy (RIA),141000,141000,141000,IGCSE/A-Level,British,IGCSE/A-Level,Singapore,GRE,70.0,76.0,"English, Physics, Further Maths, Geography, Biology",Melbourne,Business,TOEFL,28,19,470,13160,17,60.71,11,WeChat Pay,Paid,13160.0,0.0,1,1,1,0,1,0,0,0,0,1,1,0,0,1,0,1,1,0,1,0,0,47.62,4.5,96.7
STU0055,2022/11/16,Henry,孙浩,University Year 1,Female,Merchiston International School Shenzhen,200000,370000,345287,British National Curriculum/IGCSE/A-levels,British,HKDSE,England,GMAT,60.0,95.0,"Further Maths, History, Math, Economics",Melbourne,Sciences,SAT,22,24,500,11000,14,63.64,8,WeChat Pay,Partial Payment,4767.43,6232.57,0,1,0,0,0,0,0,0,0,0,0,0,1,0,1,0,0,0,0,1,0,19.05,5.0,87.7
STU0056,2022/12/17,Lisa,孙丽丽,G12,Female,The King's School Shenzhen International,205000,309800,305750,IGCSE/A-Level,British/Chinese,IGCSE/A-Level,Australia,Duolingo,75.0,86.0,"History, Economics, Biology",Yinchuan Ningxia,Computer Science,SAT,17,25,550,9350,11,64.71,6,WeChat Pay,Partial Payment,7411.74,1938.2600000000002,0,1,1,1,1,1,1,0,0,0,1,0,1,1,0,0,0,1,1,1,1,61.9,4.4,91.5
STU0057,2023/07/29,Steven,郭勇,G10,Male,Bromsgrove School Mission Hills,80271,80271,80271,IGCSE/A-Level,British,HKDSE,America,PTE,68.0,96.0,"Geography, Math, English",Oxford,Business,French,21,15,600,12600,7,33.33,14,WeChat Pay,Overdue,0.0,12600.0,0,0,1,1,0,1,1,0,1,0,1,0,0,0,0,1,1,0,1,0,0,42.86,4.6,71.9
STU0058,2023/10/28,Joe,杨强,University Year 2,Male,Shenzhen College of International Education,271000,271000,271000,IGCSE/A-Level,British/A-Level/Cambridge,American CCSS,England,GMAT,68.0,78.0,"Economics, History, Math, English, Chemistry",Beijing,Computer Science,Korean,13,18,600,7800,0,0.0,13,Cash,Overdue,0.0,7800.0,0,0,0,1,0,1,0,1,1,1,0,1,1,1,0,1,0,0,1,1,1,57.14,4.4,93.7
STU0059,2023/08/06,Anne,周杰,G12,Male,QSI International School of Shenzhen,138300,226800,220683,American,American/AP/IB,IGCSE/A-Level,Australia,Duolingo,77.0,99.0,"Math, Geography, English",Imperial College,Computer Science,TOEFL,24,17,600,14400,18,75.0,6,WeChat Pay,Partial Payment,9488.49,4911.51,1,1,1,1,1,0,0,1,1,1,0,1,1,0,0,1,0,0,1,0,0,57.14,4.8,66.0
STU0060,2022/02/26,Arwen,胡静,G12,Female,Yinchuan No.2 Middle School,15000,30000,19843,Chinese/America,Chinese,IGCSE/A-Level,Canada,PTE,72.0,98.0,"Math, History, Further Maths",UCLA,Arts,Spanish,17,17,600,10200,10,58.82,7,Bank Transfer,Partial Payment,6087.61,4112.39,0,1,0,0,0,1,1,0,0,0,1,1,1,1,0,0,0,1,0,0,1,42.86,4.1,92.7
STU0061,2023/03/06,Joe,杨强,G8,Male,Recognize International Academy (RIA),141000,141000,141000,IGCSE/A-Level,British,American CCSS,Hongkong,GRE,79.0,93.0,"English, Physics, Biology, Math, Geography",MIT,Sciences,TOEFL,11,21,550,6050,8,72.73,3,WeChat Pay,Overdue,0.0,6050.0,1,0,0,1,0,0,1,0,0,1,1,1,0,1,1,1,1,0,0,0,0,47.62,4.4,95.9
STU0062,2023/06/19,Robert,赵新宇,G8,Female,Ningxia University,20000,50000,36771,Chinese,Chinese,IGCSE/A-Level,Hongkong,SAT,1152.0,1413.0,"Geography, English, History",Shenzhen Guangdong,Arts,Public Speaking,20,20,580,11600,17,85.0,3,Credit Card,Paid,11600.0,0.0,1,1,0,0,0,0,0,0,1,1,0,0,1,0,0,1,0,1,1,0,0,38.1,4.0,76.8
STU0063,2024/11/01,Zachary,杨强,G8,Male,The King's School Shenzhen International,205000,309800,230244,IGCSE/A-Level,British/Chinese,American CCSS,England,TOEFL,82.0,93.0,"Chemistry, Economics, Physics, Further Maths, History",Cambridge,Computer Science,Japanese,19,18,620,11780,3,15.79,16,Cash,Partial Payment,6650.09,5129.91,1,1,0,1,0,0,1,0,0,1,0,0,1,0,0,0,1,1,1,1,0,47.62,3.7,99.6
STU0064,2024/09/26,Mason,周杰,G11,Female,QSI International School of Shenzhen,138300,226800,164585,American,American/AP/IB,IGCSE/A-Level,Australia,ACT,75.0,92.0,"Chemistry, Biology, History, Physics",Shenzhen Guangdong,Engineering,Korean,16,24,620,9920,8,50.0,8,WeChat Pay,Pending,0.0,9920.0,1,0,1,0,0,1,1,1,0,0,1,0,0,1,0,1,1,0,0,0,1,47.62,4.5,95.9
STU0065,2024/02/16,John,王强,G12,Female,The King's School Shenzhen International,205000,309800,297562,IGCSE/A-Level,British/Chinese,AP/SAT,Singapore,SAT,1367.0,1502.0,"Economics, Physics, Math, History, Biology",Melbourne,Business,French,23,21,470,10810,14,60.87,9,Cash,Pending,0.0,10810.0,1,0,1,1,0,0,0,0,0,0,0,0,0,0,0,1,1,1,0,1,1,38.1,4.5,74.6
STU0066,2023/02/09,Alex,孙丽丽,G9,Female,International School of Nanshan Shenzhen (ISNS),212000,264000,254603,IB/Canadian,IB/Canadian,AP/SAT,Hongkong,ACT,77.0,84.0,"Economics, Physics, Further Maths, Math, English",Cambridge,Medicine,Korean,27,17,470,12690,3,11.11,24,Bank Transfer,Paid,12690.0,0.0,0,0,1,1,0,1,0,1,1,0,0,1,0,0,1,1,1,1,0,1,0,52.38,4.0,90.1
STU0067,2022/07/09,Jack,郭勇,G10,Male,Shenzhen International Foundation College (SIFC),268000,268000,268000,IGCSE/A-Level,British/American,AP/SAT,England,GRE,70.0,80.0,"Economics, Biology, Further Maths, Physics, Chemistry",Imperial College,Sciences,French,27,23,550,14850,8,29.63,19,Cash,Pending,0.0,14850.0,0,0,0,1,0,1,0,0,1,0,0,1,1,1,1,0,0,0,0,1,0,38.1,4.2,95.3
STU0068,2022/11/04,Tristan,孙浩,G9,Female,Bromsgrove School Mission Hills,80271,80271,80271,IGCSE/A-Level,British,IB,Australia,GRE,60.0,100.0,"Chemistry, Math, Further Maths, Economics",Stanford,Sciences,Japanese,11,18,600,6600,2,18.18,9,Alipay,Partial Payment,4454.72,2145.2799999999997,0,1,1,0,0,1,0,1,1,1,0,0,1,1,0,1,0,1,0,1,0,52.38,4.4,78.2
STU0069,2023/04/20,Rebecca,朱敏,University Year 2,Male,Ningxia University,20000,50000,32850,Chinese,Chinese,American CCSS,Hongkong,TOEFL,95.0,119.0,"English, Economics, Physics, Biology",Shenzhen Guangdong,Medicine,SAT,24,18,600,14400,14,58.33,10,Bank Transfer,Paid,14400.0,0.0,0,1,0,1,1,1,1,1,0,0,0,0,1,1,1,0,1,0,0,1,1,57.14,3.8,93.2
STU0070,2022/09/01,Tom,吴雅婷,University Year 2,Female,Merchiston International School Shenzhen,200000,370000,339146,British National Curriculum/IGCSE/A-levels,British,AP/SAT,Hongkong,TOEFL,94.0,108.0,"Biology, Geography, Economics, Chemistry",Cambridge,Arts,Grammar,16,22,470,7520,9,56.25,7,Cash,Paid,7520.0,0.0,1,1,0,0,1,1,0,0,0,0,1,0,0,0,1,1,0,0,0,0,1,38.1,3.8,93.3
STU0071,2024/04/20,Karen,刘静,G12,Male,Recognize International Academy (RIA),141000,141000,141000,IGCSE/A-Level,British,AP/SAT,Hongkong,PTE,82.0,94.0,"Economics, Biology, Math, Physics",UBC,Arts,TOEFL,28,21,620,17360,1,3.57,27,Cash,Pending,0.0,17360.0,1,0,0,1,0,1,0,0,0,1,1,0,1,0,1,0,0,0,1,0,1,42.86,4.0,73.9
STU0072,2022/02/05,Haoran,李丽,G11,Male,Yinchuan No.9 High School,15000,30000,21637,Chinese,Chinese,AP/SAT,America,TOEFL,67.0,87.0,"Physics, English, Economics",Yinchuan Ningxia,Business,TOEFL,13,21,620,8060,12,92.31,1,Credit Card,Pending,0.0,8060.0,0,0,1,1,0,1,0,0,0,1,0,1,1,1,1,0,1,0,0,1,0,47.62,3.7,65.4
STU0073,2024/02/10,Arwen,陈丽,G9,Male,Merchiston International School Shenzhen,200000,370000,322012,British National Curriculum/IGCSE/A-levels,British,IGCSE/A-Level,England,IELTS,5.0,5.9,"Further Maths, Biology, Physics, Math, English",Melbourne,Sciences,SAT,24,21,550,13200,12,50.0,12,Credit Card,Overdue,0.0,13200.0,0,1,1,1,1,0,0,1,1,0,1,1,1,1,1,0,0,1,0,1,1,66.67,4.9,90.5
STU0074,2024/10/06,David,李娜,G11,Female,Shenzhen International Foundation College (SIFC),268000,268000,268000,IGCSE/A-Level,British/American,American CCSS,Singapore,GMAT,62.0,98.0,"English, Economics, Chemistry",Beijing,Engineering,IELTS,25,17,600,15000,24,96.0,1,Alipay,Paid,15000.0,0.0,0,1,0,0,0,0,0,1,1,0,0,0,0,1,0,1,0,0,0,0,1,28.57,4.3,91.5
STU0075,2023/10/20,Albert,郭勇,University Year 1,Female,The King's School Shenzhen International,205000,309800,296640,IGCSE/A-Level,British/Chinese,IGCSE/A-Level,England,GRE,66.0,91.0,"English, History, Geography, Math",Imperial College,Medicine,Spanish,30,25,580,17400,9,30.0,21,WeChat Pay,Paid,17400.0,0.0,1,0,0,1,0,1,1,1,0,1,1,1,0,0,1,0,0,0,0,0,0,42.86,4.8,67.1
STU0076,2024/03/06,James,张芳芳,G12,Female,QSI International School of Shenzhen,138300,226800,174287,American,American/AP/IB,AP/SAT,England,Duolingo,63.0,77.0,"History, Geography, Math",Jinhua Zhejiang,Law,Spanish,10,20,550,5500,9,90.0,1,Alipay,Partial Payment,2237.98,3262.02,0,1,1,0,1,1,0,0,0,1,0,0,1,0,1,1,0,1,1,0,0,47.62,3.8,60.1
STU0077,2022/02/15,Henry,周伟,G8,Female,Shenzhen College of International Education,271000,271000,271000,IGCSE/A-Level,British/A-Level/Cambridge,AP/SAT,Australia,Duolingo,82.0,88.0,"English, Chemistry, History, Further Maths",Shenzhen Guangdong,Arts,TOEFL,12,25,600,7200,8,66.67,4,WeChat Pay,Paid,7200.0,0.0,0,1,1,0,0,0,0,1,0,0,1,0,0,0,0,0,0,0,1,0,1,28.57,4.1,95.5
STU0078,2024/01/23,Michael,吴雅婷,G8,Male,Yinchuan No.9 High School,15000,30000,24588,Chinese,Chinese,AP/SAT,Singapore,GMAT,60.0,86.0,"Physics, Further Maths, English",Stanford,Computer Science,Japanese,18,24,620,11160,17,94.44,1,Bank Transfer,Partial Payment,3684.02,7475.98,0,1,1,0,1,1,1,1,0,0,1,1,1,1,1,1,0,0,0,1,0,61.9,4.6,76.9
STU0079,2022/09/19,Emma,周杰,G11,Female,International School of Nanshan Shenzhen (ISNS),212000,264000,219524,IB/Canadian,IB/Canadian,IGCSE/A-Level,England,SAT,1195.0,1557.0,"Further Maths, Geography, Chemistry",Toronto,Sciences,Korean,14,16,500,7000,7,50.0,7,Credit Card,Partial Payment,4875.78,2124.2200000000003,0,1,0,1,1,0,1,1,1,1,1,0,0,0,1,0,0,1,0,0,0,47.62,4.1,78.4
STU0080,2023/11/09,Romeo,刘静,G10,Male,QSI International School of Shenzhen,138300,226800,173044,American,American/AP/IB,American CCSS,Canada,PTE,65.0,72.0,"Economics, Biology, Further Maths, Chemistry",UCLA,Medicine,French,25,25,600,15000,18,72.0,7,Credit Card,Partial Payment,4670.26,10329.74,1,1,1,0,1,0,1,0,0,0,0,0,0,1,0,1,0,1,0,0,1,42.86,4.6,80.4
STU0081,2022/09/09,Alex,杨强,G10,Male,Harrow International School Shenzhen,291400,360900,295985,IGCSE/A-levels,British/IGCSE/A-levels,AP/SAT,Canada,GMAT,80.0,89.0,"Biology, Further Maths, English, Chemistry, Geography",Cambridge,Business,Spanish,22,24,600,13200,5,22.73,17,WeChat Pay,Pending,0.0,13200.0,0,1,0,1,0,0,1,0,0,0,0,1,0,1,0,0,1,0,0,1,0,33.33,3.7,85.5
STU0082,2024/12/24,Steven,郭勇,G9,Female,Bromsgrove School Mission Hills,80271,80271,80271,IGCSE/A-Level,British,IB,Australia,GRE,73.0,98.0,"Biology, Further Maths, History",UCLA,Law,French,20,23,550,11000,9,45.0,11,WeChat Pay,Pending,0.0,11000.0,0,0,0,1,1,1,1,1,1,1,1,0,0,1,0,1,0,0,1,1,1,61.9,4.3,81.0
STU0083,2022/05/30,Vincent,姚丽,G9,Female,Shenzhen College of International Education,271000,271000,271000,IGCSE/A-Level,British/A-Level/Cambridge,American CCSS,Singapore,ACT,76.0,99.0,"Further Maths, Chemistry, Physics, Math",Cambridge,Economics,Grammar,28,22,500,14000,16,57.14,12,Cash,Overdue,0.0,14000.0,0,1,1,0,1,1,0,1,1,0,0,0,1,1,1,0,1,0,1,0,1,57.14,4.8,85.2
STU0084,2023/06/20,Bob,孙丽丽,G12,Male,Yinchuan No.2 Middle School,15000,30000,27689,Chinese/America,Chinese,American CCSS,Singapore,IELTS,4.6,7.1,"Further Maths, History, Math, Physics",Stanford,Business,Public Speaking,15,19,580,8700,1,6.67,14,WeChat Pay,Overdue,0.0,8700.0,0,1,0,0,1,0,1,0,1,1,0,1,0,0,1,0,1,0,1,1,0,47.62,4.1,84.6
STU0085,2022/03/16,Tony,周强,G8,Male,Shenzhen American International School (SAIS),158000,278000,244064,American/AP/IB,American/AP/IB/IB,American CCSS,America,SAT,1277.0,1391.0,"Biology, English, Further Maths, Chemistry, Geography",Oxford,Arts,Grammar,28,24,620,17360,10,35.71,18,Bank Transfer,Pending,0.0,17360.0,0,1,0,1,1,0,1,0,1,0,1,0,0,1,0,0,0,0,1,0,0,38.1,4.9,75.4
STU0086,2024/09/20,Karen,赵静,G12,Male,Yinchuan No.2 Middle School,15000,30000,29066,Chinese/America,Chinese,AP/SAT,Canada,PTE,68.0,93.0,"Physics, Biology, Economics, Geography",MIT,Computer Science,Spanish,30,18,500,15000,2,6.67,28,Cash,Pending,0.0,15000.0,0,0,1,0,1,1,1,0,0,0,1,0,1,1,1,0,0,1,0,0,0,42.86,3.9,76.9
STU0087,2023/11/26,Steven,陈强,University Year 1,Male,Harrow International School Shenzhen,291400,360900,322204,IGCSE/A-levels,British/IGCSE/A-levels,AP/SAT,America,IELTS,6.9,7.6,"Geography, Math, English, Biology, Chemistry",Yinchuan Ningxia,Law,TOEFL,17,21,600,10200,1,5.88,16,Credit Card,Pending,0.0,10200.0,1,1,0,1,1,0,0,1,0,1,0,0,0,0,1,1,1,1,1,0,1,57.14,3.7,70.1
STU0088,2024/10/03,Zhaoyang,周强,G10,Female,Jinhua No.1 Middle School,10000,25000,19784,AP/SAT,America,AP/SAT,Canada,GMAT,73.0,99.0,"Economics, Further Maths, Geography, History, Chemistry",Toronto,Engineering,Grammar,23,25,470,10810,3,13.04,20,Bank Transfer,Pending,0.0,10810.0,1,0,1,0,1,1,1,1,1,1,0,1,1,1,1,1,1,1,0,1,1,80.95,4.2,65.0
STU0089,2024/05/14,Sarah,徐伟,G10,Male,QSI International School of Shenzhen,138300,226800,145314,American,American/AP/IB,AP/SAT,Canada,PTE,66.0,96.0,"History, Physics, Math, Geography",Melbourne,Medicine,French,12,25,550,6600,7,58.33,5,Alipay,Pending,0.0,6600.0,0,0,0,1,1,0,0,1,0,1,1,1,1,1,0,1,0,1,0,0,1,52.38,4.0,73.5
STU0090,2023/11/26,Laura,周伟,University Year 2,Female,Harrow International School Shenzhen,291400,360900,346994,IGCSE/A-levels,British/IGCSE/A-levels,IGCSE/A-Level,Canada,ACT,79.0,100.0,"English, Economics, History",MIT,Medicine,Japanese,28,18,580,16240,21,75.0,7,Alipay,Overdue,0.0,16240.0,1,0,0,1,0,1,1,1,0,0,1,1,0,0,1,0,0,0,1,0,0,42.86,3.9,79.5
STU0091,2023/04/26,Anna,赵新宇,G9,Male,Shenzhen American International School (SAIS),158000,278000,237764,American/AP/IB,American/AP/IB/IB,IB,Canada,IELTS,6.5,7.0,"Chemistry, Biology, Economics, History, Math",Cambridge,Computer Science,SAT,20,22,550,11000,1,5.0,19,Cash,Paid,11000.0,0.0,1,0,1,1,0,1,1,1,1,0,0,1,1,1,0,1,0,0,0,0,0,52.38,4.0,73.1
STU0092,2023/08/30,Brandon,马强,G11,Male,Merchiston International School Shenzhen,200000,370000,321253,British National Curriculum/IGCSE/A-levels,British,American CCSS,Canada,TOEFL,85.0,100.0,"Physics, Biology, English",Shenzhen Guangdong,Law,Spanish,19,21,580,11020,14,73.68,5,Alipay,Partial Payment,5236.34,5783.66,1,1,0,0,0,0,0,0,1,0,0,0,0,1,0,0,0,0,0,1,1,28.57,4.2,82.4
STU0093,2024/06/03,Iris,吴静,G9,Male,Yinchuan No.9 High School,15000,30000,16631,Chinese,Chinese,HKDSE,America,SAT,1041.0,1503.0,"English, Economics, Biology, Chemistry, Physics",Melbourne,Law,Spanish,13,23,500,6500,1,7.69,12,Alipay,Overdue,0.0,6500.0,0,1,0,1,1,1,0,0,0,1,0,1,1,1,1,0,0,1,0,1,1,57.14,4.9,65.1
STU0094,2023/04/03,Angie,周强,University Year 2,Male,Bromsgrove School Mission Hills,80271,80271,80271,IGCSE/A-Level,British,IGCSE/A-Level,Canada,SAT,1247.0,1313.0,"Geography, Chemistry, Economics, History, English",Yinchuan Ningxia,Law,TOEFL,15,21,550,8250,1,6.67,14,Alipay,Overdue,0.0,8250.0,1,0,1,1,1,0,0,0,0,0,1,1,0,1,0,1,1,1,0,0,0,47.62,4.4,97.5
STU0095,2024/05/14,Zachary,徐伟,University Year 2,Female,Shenzhen International Foundation College (SIFC),268000,268000,268000,IGCSE/A-Level,British/American,IGCSE/A-Level,Singapore,TOEFL,74.0,92.0,"Economics, Physics, English, Math, Further Maths",Stanford,Economics,TOEFL,29,21,470,13630,8,27.59,21,Cash,Partial Payment,7845.92,5784.08,1,0,0,1,0,0,1,1,0,1,1,0,0,1,0,1,0,0,0,1,1,47.62,3.6,80.0
STU0096,2022/12/12,Jessica,周杰,G11,Female,Pui Ching Middle School,80000,120000,112667,HKDSE,Hongkong,AP/SAT,England,ACT,85.0,94.0,"Chemistry, Economics, Biology, Math, Geography",MIT,Sciences,Public Speaking,24,19,620,14880,9,37.5,15,WeChat Pay,Paid,14880.0,0.0,1,0,0,0,1,0,1,0,1,1,1,0,1,1,0,0,0,0,0,0,0,38.1,4.3,79.5
STU0097,2024/11/01,Tony,吴丽,G9,Male,Merchiston International School Shenzhen,200000,370000,258249,British National Curriculum/IGCSE/A-levels,British,IGCSE/A-Level,Singapore,GMAT,77.0,99.0,"Geography, Biology, Physics, History",Yinchuan Ningxia,Arts,TOEFL,29,22,620,17980,14,48.28,15,Cash,Overdue,0.0,17980.0,1,1,1,1,0,0,1,0,0,1,1,0,0,0,1,1,1,1,1,1,0,61.9,3.7,60.8
STU0098,2022/12/01,Rebecca,徐伟,G12,Male,The King's School Shenzhen International,205000,309800,250391,IGCSE/A-Level,British/Chinese,HKDSE,Canada,PTE,61.0,85.0,"Geography, Chemistry, History, Economics",Stanford,Medicine,French,10,25,600,6000,5,50.0,5,Bank Transfer,Paid,6000.0,0.0,1,0,0,0,0,1,1,0,1,0,0,0,1,0,1,0,0,0,0,1,1,38.1,4.5,86.3
STU0099,2024/03/02,Julia,刘伟,University Year 2,Female,Shenzhen International Foundation College (SIFC),268000,268000,268000,IGCSE/A-Level,British/American,American CCSS,Canada,TOEFL,87.0,118.0,"Math, Further Maths, Geography, Economics",Stanford,Law,SAT,30,25,550,16500,11,36.67,19,Alipay,Overdue,0.0,16500.0,1,0,1,1,0,0,1,1,1,0,0,1,1,0,1,1,0,1,0,1,0,57.14,4.5,66.3
STU0100,2023/05/28,Wuling,刘静,G10,Female,International School of Nanshan Shenzhen (ISNS),212000,264000,255819,IB/Canadian,IB/Canadian,AP/SAT,Australia,ACT,69.0,96.0,"Geography, History, English, Math, Physics",Cambridge,Sciences,TOEFL,25,25,550,13750,3,12.0,22,Bank Transfer,Pending,0.0,13750.0,0,0,0,0,0,1,1,0,1,1,1,1,0,1,0,1,1,0,1,1,0,52.38,3.8,91.2
STU0101,2022/08/17,Tristan,李丽,G9,Female,Shenzhen College of International Education,271000,271000,271000,IGCSE/A-Level,British/A-Level/Cambridge,HKDSE,England,GMAT,61.0,96.0,"Biology, History, Geography, Math, Economics",Shenzhen Guangdong,Economics,TOEFL,25,22,550,13750,22,88.0,3,Alipay,Overdue,0.0,13750.0,0,0,0,1,0,0,1,1,1,0,1,1,1,0,1,0,1,1,1,1,0,57.14,3.5,79.8
STU0102,2022/10/06,David,刘伟,G9,Female,Shenzhen International Foundation College (SIFC),268000,268000,268000,IGCSE/A-Level,British/American,IB,Australia,PTE,69.0,97.0,"Geography, Biology, History, English",UCLA,Arts,French,15,24,600,9000,5,33.33,10,Cash,Overdue,0.0,9000.0,1,0,0,0,1,1,1,0,1,1,0,1,0,0,0,0,0,1,0,1,0,42.86,4.8,62.2
STU0103,2023/05/10,Wei,姚丽,G8,Male,The King's School Shenzhen International,205000,309800,222660,IGCSE/A-Level,British/Chinese,AP/SAT,Hongkong,SAT,1060.0,1242.0,"Further Maths, Chemistry, Economics, Physics",Shenzhen Guangdong,Engineering,Korean,16,22,620,9920,7,43.75,9,Bank Transfer,Overdue,0.0,9920.0,1,0,1,0,0,0,1,1,0,0,0,0,1,0,0,1,0,1,1,0,1,42.86,5.0,65.9
STU0104,2022/04/21,William,方玛丽,G9,Male,Ningxia University,20000,50000,29812,Chinese,Chinese,AP/SAT,England,GRE,82.0,87.0,"Economics, Biology, Further Maths, English",Imperial College,Arts,Grammar,12,19,550,6600,2,16.67,10,Alipay,Paid,6600.0,0.0,1,1,0,0,1,1,1,1,0,1,1,1,0,1,0,1,1,1,1,0,0,66.67,3.9,87.3
STU0105,2022/12/22,Robert,方鸣翔,G12,Female,Yinchuan No.2 Middle School,15000,30000,19322,Chinese/America,Chinese,American CCSS,Australia,TOEFL,91.0,117.0,"Geography, Biology, Math, History, Physics",Shenzhen Guangdong,Computer Science,SAT,11,19,470,5170,11,100.0,0,Cash,Partial Payment,1781.31,3388.69,0,0,1,1,1,0,1,0,0,1,1,1,0,0,1,1,1,0,1,0,0,52.38,4.1,73.6
STU0106,2022/08/16,Alex,赵静,G12,Female,Pui Ching Middle School,80000,120000,94699,HKDSE,Hongkong,IGCSE/A-Level,England,ACT,73.0,78.0,"Biology, English, Chemistry, Geography",Stanford,Arts,IELTS,23,24,580,13340,11,47.83,12,Cash,Paid,13340.0,0.0,1,0,0,0,0,0,0,0,1,1,0,0,0,0,1,0,1,1,0,1,1,38.1,3.9,77.3
STU0107,2022/07/16,Haoran,张伟,G11,Male,Merchiston International School Shenzhen,200000,370000,262375,British National Curriculum/IGCSE/A-levels,British,AP/SAT,Hongkong,Duolingo,83.0,97.0,"Economics, English, Further Maths",Yinchuan Ningxia,Engineering,Spanish,25,20,550,13750,3,12.0,22,Cash,Pending,0.0,13750.0,0,1,0,1,0,1,0,0,1,1,0,1,1,1,1,1,1,1,1,0,1,66.67,3.9,68.0
STU0108,2024/11/15,Bella,王强,University Year 1,Male,Shenzhen College of International Education,271000,271000,271000,IGCSE/A-Level,British/A-Level/Cambridge,AP/SAT,Hongkong,IELTS,4.6,6.9,"Geography, Further Maths, History, Math",UBC,Arts,Korean,16,22,500,8000,1,6.25,15,WeChat Pay,Pending,0.0,8000.0,1,0,0,1,1,1,0,0,1,1,1,1,1,0,0,1,0,0,1,0,0,52.38,3.7,90.6
STU0109,2023/08/03,Sarah,王磊,G11,Female,Shenzhen International Foundation College (SIFC),268000,268000,268000,IGCSE/A-Level,British/American,AP/SAT,England,PTE,70.0,87.0,"Economics, Further Maths, Geography, English",Cambridge,Business,IELTS,15,17,550,8250,12,80.0,3,WeChat Pay,Pending,0.0,8250.0,1,1,1,1,0,1,0,0,0,0,0,0,1,0,0,1,1,0,1,1,1,52.38,4.1,61.9
STU0110,2024/02/28,Bryant,赵静,University Year 2,Male,The King's School Shenzhen International,205000,309800,207613,IGCSE/A-Level,British/Chinese,IB,Hongkong,GMAT,61.0,75.0,"Math, Geography, Biology, Economics",Jinhua Zhejiang,Economics,Japanese,11,17,470,5170,8,72.73,3,Bank Transfer,Partial Payment,3419.13,1750.87,0,0,1,1,0,1,0,1,0,1,0,1,0,1,0,1,1,1,0,1,0,52.38,4.9,80.6
STU0111,2024/05/19,Sean,周杰,G9,Female,Recognize International Academy (RIA),141000,141000,141000,IGCSE/A-Level,British,IGCSE/A-Level,Canada,IELTS,6.9,8.2,"Biology, Further Maths, English, History, Chemistry",UCL,Engineering,Public Speaking,18,24,580,10440,4,22.22,14,Bank Transfer,Partial Payment,4220.04,6219.96,0,0,0,1,0,0,1,1,0,0,1,1,0,1,0,1,0,1,0,0,0,38.1,3.6,70.7
STU0112,2024/10/05,Victor,胡静,University Year 1,Female,Yinchuan No.9 High School,15000,30000,25526,Chinese,Chinese,AP/SAT,America,TOEFL,100.0,117.0,"Geography, Chemistry, Economics, English",Imperial College,Sciences,IELTS,15,24,470,7050,11,73.33,4,Alipay,Overdue,0.0,7050.0,0,1,0,0,1,1,1,0,1,0,0,1,1,0,1,0,0,0,1,0,1,47.62,4.4,95.2
STU0113,2024/08/03,Anna,杨强,G12,Male,Harrow International School Shenzhen,291400,360900,310612,IGCSE/A-levels,British/IGCSE/A-levels,American CCSS,England,PTE,78.0,86.0,"Geography, Biology, Chemistry, History",Harvard,Business,Public Speaking,17,25,600,10200,1,5.88,16,WeChat Pay,Pending,0.0,10200.0,0,0,1,0,0,1,1,0,1,0,1,0,0,0,0,1,0,0,1,0,0,33.33,3.6,80.4
STU0114,2023/01/07,Zoe,刘静,G10,Female,Jinhua No.1 Middle School,10000,25000,18843,AP/SAT,America,American CCSS,England,Duolingo,72.0,91.0,"Math, English, Physics, Further Maths",Cambridge,Engineering,Korean,10,21,620,6200,2,20.0,8,Credit Card,Pending,0.0,6200.0,0,0,0,1,1,0,0,1,0,1,0,0,1,1,0,1,0,0,0,1,0,38.1,3.8,64.0
STU0115,2022/08/14,Richard,张芳芳,G10,Male,Recognize International Academy (RIA),141000,141000,141000,IGCSE/A-Level,British,IGCSE/A-Level,Singapore,ACT,79.0,84.0,"Economics, Further Maths, Math",Harvard,Business,Korean,27,25,550,14850,17,62.96,10,WeChat Pay,Paid,14850.0,0.0,1,0,1,0,0,0,0,0,0,1,1,1,0,1,0,0,0,0,1,1,0,38.1,4.4,68.0
STU0116,2024/12/10,Kate,刘静,University Year 2,Female,Pui Ching Middle School,80000,120000,95172,HKDSE,Hongkong,AP/SAT,America,TOEFL,69.0,90.0,"Geography, Biology, Physics, Further Maths",Oxford,Medicine,SAT,25,21,470,11750,13,52.0,12,Cash,Partial Payment,6310.99,5439.01,0,0,1,0,0,0,1,1,1,0,1,1,1,1,1,0,1,1,0,1,1,61.9,4.6,67.8
STU0117,2023/08/09,Janice,吴丽,G9,Male,QSI International School of Shenzhen,138300,226800,200834,American,American/AP/IB,AP/SAT,Singapore,TOEFL,78.0,103.0,"Physics, Further Maths, Chemistry, Biology, Economics",UCLA,Law,TOEFL,16,22,500,8000,14,87.5,2,Credit Card,Pending,0.0,8000.0,1,1,0,0,1,1,0,1,0,1,0,0,1,1,1,1,0,0,1,0,1,57.14,4.5,84.8
STU0118,2024/05/31,Michael,王磊,G10,Male,Yinchuan No.2 Middle School,15000,30000,28543,Chinese/America,Chinese,IGCSE/A-Level,Singapore,ACT,61.0,92.0,"Chemistry, History, Biology, Further Maths",Oxford,Engineering,French,16,19,580,9280,6,37.5,10,Alipay,Paid,9280.0,0.0,0,1,1,1,0,0,1,0,0,1,0,0,1,1,1,1,0,0,0,0,0,42.86,4.4,87.3
STU0119,2023/01/01,Frank,郑瑞,G9,Male,Bromsgrove School Mission Hills,80271,80271,80271,IGCSE/A-Level,British,AP/SAT,Canada,PTE,62.0,88.0,"Math, English, Economics",Beijing,Computer Science,Japanese,29,15,500,14500,1,3.45,28,Credit Card,Overdue,0.0,14500.0,0,0,0,0,0,0,0,0,0,0,0,0,1,0,1,0,0,1,1,1,1,28.57,4.0,80.7
STU0120,2024/12/30,Devon,郭勇,G12,Male,Yinchuan No.2 Middle School,15000,30000,15548,Chinese/America,Chinese,AP/SAT,Canada,PTE,60.0,73.0,"History, English, Geography, Chemistry",Stanford,Engineering,TOEFL,16,20,470,7520,3,18.75,13,WeChat Pay,Partial Payment,2862.65,4657.35,1,1,1,0,1,0,0,1,1,0,1,1,1,0,1,0,0,0,1,1,0,57.14,4.5,93.4
STU0121,2023/04/25,Jia,赵静,G8,Female,Shenzhen International Foundation College (SIFC),268000,268000,268000,IGCSE/A-Level,British/American,AP/SAT,America,ACT,85.0,90.0,"Economics, Geography, Further Maths, Math, Chemistry",Cambridge,Economics,Grammar,10,22,470,4700,10,100.0,0,Alipay,Paid,4700.0,0.0,1,1,0,0,0,1,1,0,0,0,1,1,0,1,0,1,0,1,1,0,1,52.38,4.3,70.6
STU0122,2023/05/08,Laura,方鸣翔,G10,Female,Jinhua No.1 Middle School,10000,25000,13856,AP/SAT,America,IB,Canada,Duolingo,83.0,95.0,"English, Math, Geography, Further Maths",UCL,Arts,Public Speaking,18,22,470,8460,9,50.0,9,Cash,Paid,8460.0,0.0,1,0,1,0,1,0,1,1,1,1,0,1,0,0,1,0,1,0,1,1,1,61.9,3.6,97.7
STU0123,2023/03/21,Oliver,陈丽,G9,Male,Harrow International School Shenzhen,291400,360900,353330,IGCSE/A-levels,British/IGCSE/A-levels,AP/SAT,Hongkong,GMAT,72.0,86.0,"Math, Chemistry, Geography, Economics",Toronto,Engineering,Spanish,21,21,620,13020,0,0.0,21,Credit Card,Pending,0.0,13020.0,1,0,0,0,0,0,0,1,0,0,1,1,1,0,1,0,0,1,0,0,1,38.1,5.0,84.6
STU0124,2023/04/25,Alan,李娜,University Year 2,Female,Shenzhen College of International Education,271000,271000,271000,IGCSE/A-Level,British/A-Level/Cambridge,IGCSE/A-Level,England,GRE,72.0,86.0,"Geography, Biology, Further Maths",Melbourne,Arts,Public Speaking,26,21,470,12220,25,96.15,1,Bank Transfer,Overdue,0.0,12220.0,1,0,1,0,1,0,0,1,0,0,0,0,0,1,1,0,1,1,0,0,0,38.1,4.3,78.9
STU0125,2023/12/13,Victor,孙浩,G11,Male,Shenzhen International Foundation College (SIFC),268000,268000,268000,IGCSE/A-Level,British/American,IGCSE/A-Level,Australia,GRE,78.0,94.0,"English, History, Economics",Shenzhen Guangdong,Business,IELTS,30,23,600,18000,30,100.0,0,WeChat Pay,Pending,0.0,18000.0,0,1,1,0,1,0,0,0,1,1,0,1,1,1,0,1,0,0,1,0,0,47.62,3.8,96.5
STU0126,2023/06/21,Michael,李丽,G9,Male,Recognize International Academy (RIA),141000,141000,141000,IGCSE/A-Level,British,IB,Hongkong,TOEFL,95.0,118.0,"English, Biology, Further Maths, Physics",Oxford,Arts,French,17,23,580,9860,7,41.18,10,Alipay,Overdue,0.0,9860.0,1,0,0,1,0,1,1,0,0,1,0,1,0,0,0,1,0,1,1,0,0,42.86,4.5,82.2
STU0127,2022/12/27,Karen,陈丽,G9,Female,Ningxia University,20000,50000,21383,Chinese,Chinese,IGCSE/A-Level,Hongkong,ACT,60.0,78.0,"History, Geography, Math",UCL,Business,French,23,19,500,11500,8,34.78,15,Credit Card,Partial Payment,4765.68,6734.32,0,1,1,1,0,0,1,0,1,0,1,1,0,1,1,1,0,0,0,0,0,47.62,3.6,61.2
STU0128,2023/08/22,William,郑瑞,G9,Male,Merchiston International School Shenzhen,200000,370000,336257,British National Curriculum/IGCSE/A-levels,British,IB,England,GMAT,77.0,83.0,"Further Maths, Math, Geography",UBC,Arts,SAT,24,16,470,11280,19,79.17,5,WeChat Pay,Paid,11280.0,0.0,0,1,0,1,0,1,1,1,1,0,0,1,0,0,0,1,1,1,0,1,0,52.38,3.9,72.2
STU0129,2024/03/29,Charlie,陈强,G10,Male,Pui Ching Middle School,80000,120000,103370,HKDSE,Hongkong,IB,Canada,GMAT,72.0,77.0,"Math, English, Biology, Chemistry",Oxford,Arts,Public Speaking,20,15,620,12400,9,45.0,11,Cash,Paid,12400.0,0.0,1,1,1,1,1,1,1,1,0,0,0,1,1,0,0,1,1,1,0,1,1,71.43,3.8,92.3
STU0130,2024/05/27,Bella,孙浩,University Year 2,Male,Yinchuan No.9 High School,15000,30000,19158,Chinese,Chinese,IB,Hongkong,TOEFL,97.0,112.0,"Chemistry, Geography, Further Maths",MIT,Law,Grammar,16,19,550,8800,16,100.0,0,WeChat Pay,Partial Payment,3418.11,5381.889999999999,1,0,1,1,0,0,0,1,0,0,1,1,0,1,1,0,1,1,1,0,0,52.38,5.0,76.2
STU0131,2024/09/27,Bob,张伟,G9,Male,Shenzhen American International School (SAIS),158000,278000,262195,American/AP/IB,American/AP/IB/IB,AP/SAT,Singapore,ACT,70.0,100.0,"Physics, English, Math",Oxford,Sciences,Korean,11,16,620,6820,7,63.64,4,Bank Transfer,Pending,0.0,6820.0,0,1,0,1,1,0,0,0,0,0,0,1,0,1,1,1,1,1,1,0,1,52.38,3.7,72.7
STU0132,2024/05/17,Emma,李娜,University Year 2,Male,The King's School Shenzhen International,205000,309800,230458,IGCSE/A-Level,British/Chinese,AP/SAT,Hongkong,Duolingo,79.0,89.0,"Geography, English, Math",Stanford,Sciences,SAT,26,22,600,15600,22,84.62,4,Cash,Pending,0.0,15600.0,1,1,1,0,1,1,0,0,1,1,0,1,1,1,0,0,1,1,0,0,1,61.9,3.9,79.4
STU0133,2022/01/30,Lucy,张伟,University Year 2,Female,Shenzhen International Foundation College (SIFC),268000,268000,268000,IGCSE/A-Level,British/American,American CCSS,America,TOEFL,83.0,118.0,"Biology, Chemistry, Further Maths",UBC,Sciences,Korean,20,18,580,11600,20,100.0,0,WeChat Pay,Partial Payment,5397.61,6202.39,1,1,1,0,0,0,1,0,1,1,1,1,1,1,1,0,1,0,1,1,0,66.67,3.7,99.8
STU0134,2022/07/01,Oscar,吴静,G11,Female,Merchiston International School Shenzhen,200000,370000,362152,British National Curriculum/IGCSE/A-levels,British,AP/SAT,Hongkong,GRE,61.0,69.0,"Chemistry, Physics, Math, History",UBC,Arts,French,15,21,470,7050,7,46.67,8,Alipay,Pending,0.0,7050.0,0,0,0,1,0,0,1,0,0,0,1,0,0,1,1,0,0,0,1,0,1,33.33,4.9,86.3
STU0135,2022/06/15,Romeo,方鸣翔,G12,Male,Ningxia University,20000,50000,20161,Chinese,Chinese,AP/SAT,England,ACT,71.0,92.0,"Economics, Chemistry, Biology, Further Maths",Harvard,Computer Science,SAT,26,19,470,12220,25,96.15,1,Bank Transfer,Overdue,0.0,12220.0,1,0,0,1,1,0,1,0,0,0,1,1,1,1,0,1,0,0,1,0,1,52.38,4.5,80.6
STU0136,2023/08/22,John,郑伟,G9,Female,Shenzhen College of International Education,271000,271000,271000,IGCSE/A-Level,British/A-Level/Cambridge,IB,England,GMAT,78.0,91.0,"History, Physics, Chemistry, Geography, Economics",Cambridge,Business,Grammar,18,17,620,11160,17,94.44,1,WeChat Pay,Pending,0.0,11160.0,1,1,0,1,1,0,0,0,0,1,1,1,0,0,1,1,0,0,1,1,0,52.38,3.7,96.5
STU0137,2022/11/28,Cecilia,赵新宇,University Year 1,Female,Shenzhen International Foundation College (SIFC),268000,268000,268000,IGCSE/A-Level,British/American,IGCSE/A-Level,England,ACT,60.0,67.0,"Economics, Biology, Chemistry",Oxford,Computer Science,Grammar,12,16,500,6000,10,83.33,2,Credit Card,Overdue,0.0,6000.0,0,1,0,1,1,0,1,0,0,1,1,0,0,0,1,1,1,1,0,0,0,47.62,4.6,85.1
STU0138,2022/05/16,Mary,徐伟,G10,Male,QSI International School of Shenzhen,138300,226800,186675,American,American/AP/IB,IGCSE/A-Level,America,SAT,1386.0,1548.0,"Chemistry, Economics, English",UCL,Arts,Spanish,26,25,470,12220,17,65.38,9,Cash,Partial Payment,9717.22,2502.7800000000007,0,1,1,0,1,0,1,0,0,1,1,1,0,1,0,1,0,0,0,1,0,47.62,4.2,72.8
STU0139,2023/07/23,Michael,黄静,University Year 1,Male,International School of Nanshan Shenzhen (ISNS),212000,264000,217470,IB/Canadian,IB/Canadian,HKDSE,Australia,Duolingo,70.0,82.0,"Economics, Further Maths, Math, Physics",Stanford,Engineering,IELTS,25,18,600,15000,14,56.0,11,WeChat Pay,Overdue,0.0,15000.0,0,0,1,0,1,1,1,0,1,0,0,0,0,1,1,1,1,1,0,1,1,57.14,4.6,97.1
STU0140,2022/08/27,Albert,黄静,G12,Female,Yinchuan No.2 Middle School,15000,30000,24853,Chinese/America,Chinese,AP/SAT,America,TOEFL,71.0,104.0,"Geography, Further Maths, Math, Biology, Chemistry",Melbourne,Arts,Spanish,15,17,620,9300,4,26.67,11,Credit Card,Paid,9300.0,0.0,1,1,0,0,1,1,0,1,1,1,0,0,0,1,0,1,0,1,1,1,1,61.9,4.1,95.3
STU0141,2022/03/18,Steven,周强,G9,Female,Merchiston International School Shenzhen,200000,370000,241248,British National Curriculum/IGCSE/A-levels,British,IB,Singapore,TOEFL,92.0,114.0,"History, Geography, English, Further Maths",Stanford,Economics,Japanese,10,18,580,5800,4,40.0,6,Bank Transfer,Pending,0.0,5800.0,0,1,0,1,1,0,1,1,1,1,1,1,0,1,0,1,0,0,0,1,0,57.14,4.8,79.6
STU0142,2023/04/12,Leo,张芳芳,University Year 2,Female,Yinchuan No.9 High School,15000,30000,21508,Chinese,Chinese,IB,Hongkong,TOEFL,90.0,106.0,"Chemistry, Biology, English, Economics",Yinchuan Ningxia,Law,Spanish,26,18,600,15600,15,57.69,11,Credit Card,Paid,15600.0,0.0,0,1,1,0,1,0,0,0,1,0,1,1,0,0,1,0,0,0,0,0,0,33.33,5.0,92.9
STU0143,2023/08/30,Rebecca,胡静,University Year 2,Male,Yinchuan No.9 High School,15000,30000,18747,Chinese,Chinese,IGCSE/A-Level,England,PTE,76.0,85.0,"Economics, Geography, History",Stanford,Engineering,Grammar,27,20,600,16200,19,70.37,8,Credit Card,Paid,16200.0,0.0,1,0,1,0,1,1,0,0,0,1,1,0,1,0,0,1,0,0,0,0,1,42.86,3.8,98.9
STU0144,2023/10/16,Mark,李丽,G8,Female,The King's School Shenzhen International,205000,309800,280989,IGCSE/A-Level,British/Chinese,IGCSE/A-Level,America,Duolingo,77.0,93.0,"Chemistry, Math, Physics",UCLA,Economics,Public Speaking,27,18,550,14850,19,70.37,8,WeChat Pay,Overdue,0.0,14850.0,0,1,0,1,1,1,1,0,0,1,0,1,0,1,0,1,1,0,1,0,0,52.38,3.5,96.4
STU0145,2023/07/22,Iris,郑伟,University Year 2,Male,Shenzhen International Foundation College (SIFC),268000,268000,268000,IGCSE/A-Level,British/American,AP/SAT,Canada,Duolingo,85.0,93.0,"Further Maths, Physics, Economics",Oxford,Sciences,Grammar,27,15,600,16200,12,44.44,15,Alipay,Overdue,0.0,16200.0,0,0,1,0,1,0,0,1,1,0,0,1,0,1,0,1,0,1,0,0,0,38.1,4.8,60.1
STU0146,2022/07/17,Rory,姚丽,University Year 2,Male,Yinchuan No.9 High School,15000,30000,17152,Chinese,Chinese,American CCSS,America,IELTS,7.4,8.6,"Physics, Math, English, Geography, Biology",Cambridge,Sciences,Korean,24,20,470,11280,4,16.67,20,Cash,Overdue,0.0,11280.0,1,1,0,0,1,0,0,1,0,1,1,1,0,1,1,1,1,1,1,1,0,66.67,4.1,91.6
STU0147,2024/08/23,Steven,刘静,University Year 1,Female,The King's School Shenzhen International,205000,309800,251831,IGCSE/A-Level,British/Chinese,IB,Australia,ACT,83.0,98.0,"Further Maths, English, Biology",Toronto,Arts,Korean,16,17,580,9280,9,56.25,7,Bank Transfer,Pending,0.0,9280.0,1,0,1,1,1,0,0,0,1,1,0,1,1,1,1,1,0,0,1,0,0,57.14,4.1,88.6
STU0148,2023/10/15,Devon,李丽,University Year 2,Female,The King's School Shenzhen International,205000,309800,237212,IGCSE/A-Level,British/Chinese,IGCSE/A-Level,Australia,IELTS,6.6,7.5,"Biology, English, Further Maths, Economics",UBC,Medicine,Grammar,15,17,600,9000,4,26.67,11,Credit Card,Pending,0.0,9000.0,0,0,1,0,0,1,1,1,1,1,0,0,1,1,1,0,0,1,1,0,0,52.38,4.2,88.6
STU0149,2024/07/06,Devon,马强,G9,Male,The King's School Shenzhen International,205000,309800,206355,IGCSE/A-Level,British/Chinese,IGCSE/A-Level,Hongkong,Duolingo,67.0,75.0,"Math, Geography, Physics",Stanford,Computer Science,IELTS,23,23,620,14260,4,17.39,19,Alipay,Partial Payment,5773.72,8486.279999999999,1,0,0,1,0,0,1,1,1,1,1,0,0,0,0,1,0,1,1,0,0,47.62,4.7,74.7
STU0150,2023/05/09,Sophia,方玛丽,G12,Female,Merchiston International School Shenzhen,200000,370000,296265,British National Curriculum/IGCSE/A-levels,British,IGCSE/A-Level,America,GRE,68.0,74.0,"Physics, English, Biology, Math",Shenzhen Guangdong,Economics,Korean,22,21,500,11000,12,54.55,10,Bank Transfer,Paid,11000.0,0.0,1,0,1,1,0,1,1,0,0,1,0,0,1,0,0,0,1,0,1,1,1,52.38,3.6,77.6
STU0151,2022/09/11,Sophia,李丽,University Year 1,Female,Merchiston International School Shenzhen,200000,370000,320655,British National Curriculum/IGCSE/A-levels,British,AP/SAT,America,GMAT,71.0,89.0,"Math, Geography, Biology, Physics, English",Toronto,Law,Public Speaking,25,21,600,15000,6,24.0,19,Alipay,Overdue,0.0,15000.0,1,1,0,0,1,1,1,0,0,1,1,1,1,0,1,1,1,1,0,1,1,71.43,4.0,65.3
STU0152,2022/03/19,Tristan,姚丽,G11,Female,Jinhua No.1 Middle School,10000,25000,16117,AP/SAT,America,IGCSE/A-Level,Singapore,ACT,73.0,84.0,"Chemistry, Math, Physics, History, Geography",Cambridge,Law,IELTS,28,23,470,13160,20,71.43,8,Alipay,Pending,0.0,13160.0,1,1,1,1,0,1,0,0,1,1,1,0,1,0,0,0,1,1,1,1,1,66.67,4.5,60.7
STU0153,2023/07/29,Richard,李丽,University Year 1,Female,Shenzhen College of International Education,271000,271000,271000,IGCSE/A-Level,British/A-Level/Cambridge,American CCSS,Australia,PTE,67.0,72.0,"Geography, Chemistry, Biology, History, Math",Toronto,Business,Spanish,14,25,620,8680,9,64.29,5,Alipay,Partial Payment,2912.65,5767.35,1,0,0,0,0,0,1,0,1,0,1,0,1,0,1,0,0,0,0,0,1,33.33,4.3,93.1
STU0154,2024/03/02,Mark,钱婷婷,G12,Female,Shenzhen College of International Education,271000,271000,271000,IGCSE/A-Level,British/A-Level/Cambridge,AP/SAT,England,SAT,1131.0,1401.0,"Math, History, Chemistry, English, Physics",Toronto,Business,Japanese,22,18,580,12760,14,63.64,8,Cash,Overdue,0.0,12760.0,0,0,1,1,0,1,1,1,1,1,1,1,0,1,0,0,0,1,0,0,1,57.14,4.0,72.8
STU0155,2024/11/05,Brandon,林娜,G11,Female,Shenzhen American International School (SAIS),158000,278000,160504,American/AP/IB,American/AP/IB/IB,IGCSE/A-Level,England,PTE,60.0,65.0,"Geography, Economics, English",Harvard,Computer Science,Grammar,25,22,500,12500,6,24.0,19,WeChat Pay,Pending,0.0,12500.0,1,1,0,1,0,1,1,0,0,0,0,0,1,0,1,1,0,0,1,0,0,42.86,3.5,87.5
STU0156,2022/07/31,Ryan,王丽,G10,Male,Shenzhen College of International Education,271000,271000,271000,IGCSE/A-Level,British/A-Level/Cambridge,IGCSE/A-Level,England,SAT,1001.0,1590.0,"Math, English, Geography, Further Maths, History",UBC,Economics,Grammar,14,24,600,8400,0,0.0,14,Bank Transfer,Paid,8400.0,0.0,0,1,0,0,0,0,0,0,0,1,1,0,0,1,1,1,1,1,1,1,1,52.38,3.8,69.6
STU0157,2024/03/06,Peter,李明阳,G9,Female,Bromsgrove School Mission Hills,80271,80271,80271,IGCSE/A-Level,British,IGCSE/A-Level,America,GRE,71.0,79.0,"History, Geography, Physics, Biology, Math",Imperial College,Economics,IELTS,14,15,500,7000,9,64.29,5,WeChat Pay,Paid,7000.0,0.0,1,1,1,0,1,0,1,0,0,1,0,0,1,0,0,1,1,1,0,1,0,52.38,3.8,81.5
STU0158,2023/05/05,Oscar,胡静,G12,Female,Yinchuan No.2 Middle School,15000,30000,17310,Chinese/America,Chinese,AP/SAT,Hongkong,TOEFL,62.0,85.0,"English, Geography, History, Economics",Oxford,Economics,Grammar,27,18,620,16740,6,22.22,21,Credit Card,Paid,16740.0,0.0,0,0,0,1,0,1,0,0,1,0,1,0,0,0,0,1,0,1,0,1,1,38.1,4.9,78.5
STU0159,2024/10/03,Angela,王强,G11,Male,Shenzhen College of International Education,271000,271000,271000,IGCSE/A-Level,British/A-Level/Cambridge,AP/SAT,Australia,TOEFL,87.0,113.0,"Geography, Chemistry, Biology, Physics, Further Maths",Harvard,Medicine,IELTS,19,25,600,11400,14,73.68,5,Credit Card,Partial Payment,6770.49,4629.51,1,1,1,1,1,0,0,1,0,0,1,1,0,0,1,1,1,1,0,0,1,61.9,4.3,68.7
STU0160,2024/08/23,Kevin,徐伟,G11,Male,Shenzhen American International School (SAIS),158000,278000,219957,American/AP/IB,American/AP/IB/IB,HKDSE,Australia,GMAT,77.0,87.0,"Math, Further Maths, Geography, Biology",UCL,Sciences,Spanish,22,18,500,11000,17,77.27,5,WeChat Pay,Partial Payment,7018.5,3981.5,0,1,0,0,1,0,1,0,0,1,1,0,1,1,1,0,1,0,1,1,0,52.38,3.8,94.6
STU0161,2024/09/03,Chloe,杨强,G12,Male,Bromsgrove School Mission Hills,80271,80271,80271,IGCSE/A-Level,British,AP/SAT,America,PTE,80.0,88.0,"History, English, Chemistry, Geography, Economics",Beijing,Computer Science,Grammar,28,22,600,16800,21,75.0,7,Credit Card,Partial Payment,7068.44,9731.560000000001,0,1,1,1,1,0,1,1,0,0,0,1,1,1,0,0,0,1,1,1,1,61.9,3.8,68.0
STU0162,2024/12/14,Emily,周杰,G11,Male,Shenzhen College of International Education,271000,271000,271000,IGCSE/A-Level,British/A-Level/Cambridge,AP/SAT,Singapore,IELTS,5.9,8.0,"English, Economics, Further Maths, Physics",Stanford,Business,Spanish,11,17,580,6380,6,54.55,5,WeChat Pay,Overdue,0.0,6380.0,1,0,0,1,1,1,0,1,1,1,1,0,1,0,1,0,0,0,0,1,1,57.14,4.9,65.5
STU0163,2024/08/02,Alan,刘伟,G8,Male,Bromsgrove School Mission Hills,80271,80271,80271,IGCSE/A-Level,British,AP/SAT,Australia,SAT,1072.0,1394.0,"English, Geography, Physics",Toronto,Law,Spanish,21,23,470,9870,15,71.43,6,WeChat Pay,Partial Payment,4680.11,5189.89,1,1,0,1,1,0,1,1,1,0,0,1,1,0,0,0,0,0,1,1,0,52.38,4.2,60.6
STU0164,2022/01/05,Paul,朱敏,G9,Male,Merchiston International School Shenzhen,200000,370000,288555,British National Curriculum/IGCSE/A-levels,British,IGCSE/A-Level,Canada,SAT,1033.0,1578.0,"Geography, Further Maths, English, Math, Biology",Shenzhen Guangdong,Law,Spanish,18,21,500,9000,7,38.89,11,Cash,Pending,0.0,9000.0,0,0,1,0,1,0,0,0,1,1,1,1,0,1,1,1,1,1,0,0,0,52.38,4.8,88.7
STU0165,2022/12/12,David,郑瑞,G12,Male,Yinchuan No.9 High School,15000,30000,26954,Chinese,Chinese,American CCSS,America,PTE,84.0,100.0,"Physics, English, Math",UCLA,Engineering,Spanish,29,24,580,16820,7,24.14,22,Credit Card,Paid,16820.0,0.0,1,0,0,1,1,1,0,0,0,0,1,0,1,1,1,0,0,1,1,0,1,52.38,4.4,94.5
STU0166,2022/12/05,Mark,吴丽,G9,Male,Shenzhen American International School (SAIS),158000,278000,196080,American/AP/IB,American/AP/IB/IB,AP/SAT,America,IELTS,7.4,8.4,"Biology, Physics, Further Maths",Shenzhen Guangdong,Engineering,French,24,19,620,14880,2,8.33,22,Bank Transfer,Paid,14880.0,0.0,1,0,0,1,0,0,0,1,0,1,1,1,1,1,1,1,0,1,1,0,1,61.9,3.9,92.2
STU0167,2023/10/14,Scott,刘洁,G11,Female,Jinhua No.1 Middle School,10000,25000,24294,AP/SAT,America,IGCSE/A-Level,Australia,SAT,1192.0,1347.0,"Math, Physics, Economics",Toronto,Law,Korean,10,22,620,6200,5,50.0,5,Cash,Partial Payment,3228.63,2971.37,0,1,0,0,1,0,0,1,1,0,1,1,1,1,0,0,1,0,1,0,1,52.38,4.1,74.3
STU0168,2022/06/24,Emma,黄静,G9,Male,QSI International School of Shenzhen,138300,226800,141055,American,American/AP/IB,American CCSS,Australia,GRE,77.0,85.0,"Economics, Math, English, History, Further Maths",Shenzhen Guangdong,Law,Korean,27,19,500,13500,22,81.48,5,Alipay,Pending,0.0,13500.0,0,1,0,0,1,0,0,1,0,1,1,1,1,1,0,1,1,1,0,0,1,57.14,4.8,83.4
STU0169,2023/10/27,Adam,林娜,G12,Male,Shenzhen College of International Education,271000,271000,271000,IGCSE/A-Level,British/A-Level/Cambridge,IB,America,GRE,69.0,84.0,"Math, History, English",Oxford,Medicine,French,15,21,500,7500,10,66.67,5,Credit Card,Partial Payment,4724.43,2775.5699999999997,0,0,0,0,1,1,0,1,1,0,1,1,1,0,1,1,1,1,0,1,0,57.14,4.6,91.3
STU0170,2023/01/09,Leo,刘伟,University Year 2,Male,Jinhua No.1 Middle School,10000,25000,21787,AP/SAT,America,HKDSE,Singapore,SAT,1261.0,1362.0,"Math, Chemistry, Biology",Stanford,Computer Science,Grammar,17,19,600,10200,8,47.06,9,Bank Transfer,Paid,10200.0,0.0,0,0,0,1,1,0,1,0,0,1,1,0,1,0,1,1,0,1,0,0,1,47.62,4.2,90.7
STU0171,2024/07/28,Sean,吴静,G11,Male,Shenzhen College of International Education,271000,271000,271000,IGCSE/A-Level,British/A-Level/Cambridge,AP/SAT,Australia,PTE,83.0,99.0,"Biology, English, Further Maths",Shenzhen Guangdong,Medicine,Japanese,24,19,600,14400,1,4.17,23,Bank Transfer,Overdue,0.0,14400.0,1,1,1,1,0,1,0,1,1,0,0,0,1,1,1,1,1,1,0,0,1,66.67,4.3,62.7
STU0172,2024/02/03,Emily,吴静,University Year 2,Male,International School of Nanshan Shenzhen (ISNS),212000,264000,247406,IB/Canadian,IB/Canadian,American CCSS,Hongkong,TOEFL,82.0,97.0,"Further Maths, Math, History",Stanford,Engineering,Korean,25,16,620,15500,21,84.0,4,Credit Card,Partial Payment,6144.23,9355.77,0,0,1,0,0,0,1,1,0,1,1,1,1,1,0,1,0,0,1,1,1,57.14,4.2,71.7
STU0173,2023/11/03,Simon,陈晓明,G11,Female,Shenzhen American International School (SAIS),158000,278000,220850,American/AP/IB,American/AP/IB/IB,IGCSE/A-Level,Canada,GMAT,84.0,97.0,"Chemistry, Geography, History",MIT,Business,TOEFL,18,20,600,10800,0,0.0,18,WeChat Pay,Pending,0.0,10800.0,1,1,1,1,1,1,1,1,1,0,1,0,0,1,1,1,1,0,0,1,1,76.19,4.9,99.1
STU0174,2022/12/29,Joe,孙丽丽,University Year 2,Female,Shenzhen American International School (SAIS),158000,278000,168355,American/AP/IB,American/AP/IB/IB,IGCSE/A-Level,America,TOEFL,66.0,92.0,"Math, Further Maths, Geography, Economics, Physics",Yinchuan Ningxia,Law,Spanish,26,19,600,15600,4,15.38,22,WeChat Pay,Overdue,0.0,15600.0,0,0,0,0,0,1,1,1,1,0,1,1,1,0,0,1,0,1,0,1,1,52.38,4.8,96.6
STU0175,2023/04/09,Frank,郑瑞,G10,Male,Jinhua No.1 Middle School,10000,25000,17015,AP/SAT,America,IB,Canada,ACT,67.0,82.0,"Physics, English, Geography, Further Maths, Chemistry",UCL,Law,TOEFL,18,15,580,10440,16,88.89,2,Cash,Overdue,0.0,10440.0,1,0,0,0,0,1,0,1,1,1,0,0,0,1,0,0,1,1,1,1,0,47.62,3.7,61.4
STU0176,2023/01/13,Frank,王丽,G12,Female,Jinhua No.1 Middle School,10000,25000,23850,AP/SAT,America,American CCSS,England,TOEFL,65.0,112.0,"Economics, Geography, Physics, Math, Further Maths",Oxford,Business,Korean,22,18,500,11000,17,77.27,5,Alipay,Pending,0.0,11000.0,1,0,1,1,1,0,1,0,0,0,1,1,1,1,0,0,1,0,1,0,0,52.38,3.7,63.1
STU0177,2022/09/19,Charlie,王丽,G9,Female,Shenzhen College of International Education,271000,271000,271000,IGCSE/A-Level,British/A-Level/Cambridge,HKDSE,Hongkong,Duolingo,78.0,95.0,"Chemistry, Biology, English",UCL,Business,Spanish,13,20,600,7800,9,69.23,4,Bank Transfer,Partial Payment,4721.41,3078.59,0,0,1,1,0,0,1,1,0,0,1,1,0,1,1,1,0,0,1,1,1,57.14,4.5,97.7
STU0178,2022/02/03,Mark,吴丽,University Year 1,Male,Yinchuan No.2 Middle School,15000,30000,16132,Chinese/America,Chinese,AP/SAT,Canada,Duolingo,72.0,86.0,"Physics, Economics, History, Chemistry",UCLA,Business,Public Speaking,13,25,620,8060,13,100.0,0,WeChat Pay,Overdue,0.0,8060.0,0,1,0,0,0,1,0,0,1,1,1,0,1,1,1,1,1,1,1,0,1,61.9,4.6,64.4
STU0179,2022/02/06,Michael,郑伟,G8,Male,Jinhua No.1 Middle School,10000,25000,20277,AP/SAT,America,AP/SAT,Singapore,SAT,1277.0,1432.0,"Math, Chemistry, Economics, History",UCLA,Sciences,Korean,29,19,580,16820,6,20.69,23,Bank Transfer,Overdue,0.0,16820.0,1,1,1,0,1,1,1,1,1,1,1,0,1,1,1,1,0,1,1,1,1,85.71,3.9,76.1
STU0180,2022/02/14,Victor,吴丽,G9,Male,Shenzhen College of International Education,271000,271000,271000,IGCSE/A-Level,British/A-Level/Cambridge,AP/SAT,Singapore,GMAT,77.0,86.0,"Economics, Chemistry, History, English, Physics",Yinchuan Ningxia,Medicine,SAT,20,23,580,11600,2,10.0,18,Bank Transfer,Partial Payment,3641.39,7958.610000000001,0,1,1,0,0,0,1,0,1,0,1,0,0,0,0,1,0,1,1,0,0,38.1,4.6,63.4
STU0181,2024/11/06,Nancy,王磊,University Year 1,Male,Shenzhen International Foundation College (SIFC),268000,268000,268000,IGCSE/A-Level,British/American,IGCSE/A-Level,England,IELTS,6.4,7.8,"Geography, Physics, English",Imperial College,Arts,Japanese,29,15,500,14500,8,27.59,21,Bank Transfer,Paid,14500.0,0.0,1,1,0,1,0,0,1,0,1,0,1,1,0,1,0,1,1,1,1,0,0,57.14,4.4,75.4
STU0182,2024/07/04,Janice,刘静,University Year 2,Male,Pui Ching Middle School,80000,120000,99724,HKDSE,Hongkong,American CCSS,Canada,Duolingo,65.0,98.0,"Physics, Biology, Further Maths, Chemistry",UCL,Economics,SAT,20,21,600,12000,2,10.0,18,Bank Transfer,Partial Payment,5167.23,6832.77,0,0,0,1,1,1,0,0,0,1,1,0,1,1,1,1,1,1,0,1,0,57.14,4.2,61.7
STU0183,2024/12/08,Murphy,赵新宇,G12,Female,Bromsgrove School Mission Hills,80271,80271,80271,IGCSE/A-Level,British,IB,Canada,ACT,75.0,94.0,"History, Economics, Further Maths, English",Shenzhen Guangdong,Economics,Spanish,12,21,550,6600,2,16.67,10,Cash,Pending,0.0,6600.0,0,1,0,1,1,0,0,0,0,0,0,1,0,0,0,0,1,1,0,1,0,33.33,4.5,68.8
STU0184,2023/02/09,Chloe,刘洁,University Year 2,Female,Shenzhen American International School (SAIS),158000,278000,223788,American/AP/IB,American/AP/IB/IB,IGCSE/A-Level,Australia,Duolingo,80.0,98.0,"Physics, English, History",Yinchuan Ningxia,Medicine,Grammar,15,18,580,8700,13,86.67,2,Alipay,Paid,8700.0,0.0,1,0,0,1,1,1,1,1,1,1,1,1,0,1,0,0,1,0,1,1,0,66.67,4.8,81.3
STU0185,2023/10/20,James,何涛,G8,Female,Pui Ching Middle School,80000,120000,118165,HKDSE,Hongkong,AP/SAT,England,Duolingo,82.0,93.0,"Physics, Biology, Math, History, Chemistry",Jinhua Zhejiang,Arts,Spanish,26,16,620,16120,1,3.85,25,Cash,Overdue,0.0,16120.0,0,1,1,1,1,1,1,0,1,0,0,0,1,1,0,1,0,0,1,0,1,57.14,4.9,70.1
STU0186,2024/12/15,Laura,郑伟,University Year 2,Female,Merchiston International School Shenzhen,200000,370000,212276,British National Curriculum/IGCSE/A-levels,British,AP/SAT,England,Duolingo,72.0,98.0,"History, Math, Economics",Cambridge,Business,Public Speaking,17,23,600,10200,7,41.18,10,WeChat Pay,Partial Payment,3856.78,6343.219999999999,1,0,1,1,0,1,0,0,1,0,0,1,0,0,0,1,0,1,1,0,0,42.86,4.9,78.7
STU0187,2022/08/19,John,刘洁,G9,Female,Harrow International School Shenzhen,291400,360900,348152,IGCSE/A-levels,British/IGCSE/A-levels,IGCSE/A-Level,Canada,TOEFL,72.0,111.0,"Chemistry, English, Biology",Jinhua Zhejiang,Computer Science,French,17,17,600,10200,4,23.53,13,Cash,Partial Payment,5490.51,4709.49,1,0,1,0,0,0,1,1,1,0,1,1,1,0,1,1,0,0,0,1,0,52.38,4.5,62.6
STU0188,2022/10/04,Alex,朱敏,University Year 1,Male,The King's School Shenzhen International,205000,309800,284088,IGCSE/A-Level,British/Chinese,IGCSE/A-Level,America,GRE,62.0,72.0,"Physics, Math, Further Maths, Chemistry",Jinhua Zhejiang,Economics,Japanese,22,17,620,13640,8,36.36,14,Credit Card,Partial Payment,7994.36,5645.64,0,0,1,1,0,1,1,0,1,0,0,0,1,0,0,1,0,0,1,0,0,38.1,4.9,86.2
STU0189,2023/07/04,Jessica,李丽,G11,Female,Shenzhen College of International Education,271000,271000,271000,IGCSE/A-Level,British/A-Level/Cambridge,IGCSE/A-Level,Hongkong,GMAT,68.0,85.0,"Further Maths, Math, Biology, Economics, English",Shenzhen Guangdong,Law,TOEFL,20,23,500,10000,2,10.0,18,Credit Card,Partial Payment,7231.51,2768.49,0,1,1,1,1,0,1,0,0,1,0,0,1,0,0,1,0,1,1,0,1,52.38,4.5,72.8
STU0190,2024/12/04,Alex,郑瑞,University Year 1,Female,Jinhua No.1 Middle School,10000,25000,15431,AP/SAT,America,IGCSE/A-Level,Singapore,ACT,81.0,95.0,"History, Further Maths, Physics, English, Geography",Melbourne,Computer Science,TOEFL,23,16,550,12650,15,65.22,8,WeChat Pay,Pending,0.0,12650.0,1,1,0,0,0,0,0,0,1,0,1,0,1,1,0,1,1,1,0,1,0,47.62,4.9,78.5
STU0191,2022/11/06,Charlie,陈晓明,University Year 1,Male,Yinchuan No.2 Middle School,15000,30000,16938,Chinese/America,Chinese,AP/SAT,America,GMAT,67.0,96.0,"History, Math, Further Maths, Physics",Shenzhen Guangdong,Business,IELTS,15,20,600,9000,10,66.67,5,Alipay,Partial Payment,5263.51,3736.49,0,0,0,1,1,1,0,0,1,0,1,0,1,1,0,1,0,0,0,1,0,42.86,4.1,71.1
STU0192,2022/05/11,Sarah,周伟,University Year 2,Male,Ningxia University,20000,50000,45946,Chinese,Chinese,HKDSE,England,GMAT,69.0,98.0,"English, Further Maths, Chemistry, Biology, Physics",Cambridge,Sciences,Grammar,25,21,500,12500,19,76.0,6,Credit Card,Partial Payment,9489.66,3010.34,0,0,0,0,1,1,1,0,1,1,0,1,1,0,1,1,1,1,1,1,0,61.9,4.4,87.5
STU0193,2022/08/07,Albert,李明阳,G8,Female,Jinhua No.1 Middle School,10000,25000,18593,AP/SAT,America,HKDSE,Singapore,ACT,60.0,72.0,"English, Further Maths, Economics, Math",Yinchuan Ningxia,Sciences,Spanish,22,24,470,10340,13,59.09,9,Cash,Pending,0.0,10340.0,1,0,1,1,0,1,0,0,0,1,0,1,1,0,0,0,0,0,1,1,0,42.86,4.9,97.1
STU0194,2023/01/02,Peter,马强,G8,Female,Merchiston International School Shenzhen,200000,370000,297939,British National Curriculum/IGCSE/A-levels,British,AP/SAT,Singapore,ACT,72.0,85.0,"Chemistry, English, Geography",MIT,Engineering,Public Speaking,19,22,580,11020,14,73.68,5,Alipay,Paid,11020.0,0.0,1,0,0,1,1,0,0,0,0,0,0,0,0,1,0,0,0,1,0,1,0,28.57,4.1,82.8
STU0195,2022/03/10,William,方玛丽,University Year 2,Female,Yinchuan No.9 High School,15000,30000,29341,Chinese,Chinese,AP/SAT,Australia,TOEFL,81.0,107.0,"Math, Chemistry, Physics",Harvard,Economics,Public Speaking,28,15,580,16240,12,42.86,16,Credit Card,Partial Payment,5706.45,10533.55,1,1,0,1,1,1,0,0,1,1,0,1,1,1,0,0,1,0,0,0,1,57.14,4.9,87.9
STU0196,2023/05/17,Michael,王强,G9,Female,The King's School Shenzhen International,205000,309800,248661,IGCSE/A-Level,British/Chinese,AP/SAT,Australia,TOEFL,69.0,91.0,"Economics, Physics, Biology, Chemistry, History",Oxford,Engineering,Public Speaking,13,24,500,6500,12,92.31,1,Bank Transfer,Partial Payment,2569.93,3930.07,1,1,1,0,0,0,0,1,1,0,0,1,1,0,1,0,0,0,1,1,0,47.62,3.9,94.0
STU0197,2022/11/12,Devon,郭勇,University Year 2,Male,Pui Ching Middle School,80000,120000,113993,HKDSE,Hongkong,IB,Australia,PTE,85.0,99.0,"Biology, Math, Economics",Cambridge,Law,SAT,21,22,500,10500,14,66.67,7,Credit Card,Paid,10500.0,0.0,0,0,1,0,0,0,0,1,0,0,0,0,1,0,0,1,0,0,0,1,0,23.81,4.2,84.3
STU0198,2024/05/31,Vincent,吴丽,G10,Female,Ningxia University,20000,50000,45032,Chinese,Chinese,American CCSS,Singapore,GRE,63.0,84.0,"Biology, English, Chemistry, Math, Geography",UBC,Medicine,Korean,16,21,620,9920,9,56.25,7,Alipay,Paid,9920.0,0.0,0,0,0,1,1,1,0,0,0,1,0,0,1,0,0,0,1,0,1,0,0,33.33,4.2,90.6
STU0199,2024/05/01,Thomas,方鸣翔,G9,Female,Shenzhen American International School (SAIS),158000,278000,167387,American/AP/IB,American/AP/IB/IB,American CCSS,Hongkong,TOEFL,89.0,120.0,"Chemistry, Physics, Economics, English, Geography",Melbourne,Business,French,23,17,500,11500,6,26.09,17,Alipay,Paid,11500.0,0.0,1,0,1,1,1,0,0,1,0,0,0,1,1,0,0,0,1,1,1,1,1,57.14,3.9,85.7
STU0200,2023/07/11,Emily,方玛丽,University Year 2,Male,Harrow International School Shenzhen,291400,360900,311678,IGCSE/A-levels,British/IGCSE/A-levels,American CCSS,England,Duolingo,72.0,83.0,"Geography, History, Chemistry, Math",Imperial College,Law,Public Speaking,23,19,500,11500,18,78.26,5,Alipay,Pending,0.0,11500.0,0,0,0,0,1,0,1,1,1,1,0,1,1,0,0,1,1,0,1,0,1,52.38,4.4,71.6
